timestamp,application_id,correlation_id,query_category,duration_ms,rows_examined,slow_query
2025-05-01T09:00:01.100000Z,cap-app-0001,cap-corr-0001,application_state,43,1,false
2025-05-01T09:00:00.500000Z,cap-app-0001,cap-corr-0001-s,help_search,76,351,false
2025-05-01T09:17:01.100000Z,cap-app-0002,cap-corr-0002,application_state,44,1,false
2025-05-01T09:17:00.500000Z,cap-app-0002,cap-corr-0002-s,help_search,77,352,false
2025-05-01T09:34:01.100000Z,cap-app-0003,cap-corr-0003,application_state,45,1,false
2025-05-01T09:34:00.500000Z,cap-app-0003,cap-corr-0003-s,help_search,78,353,false
2025-05-01T09:51:01.100000Z,cap-app-0004,cap-corr-0004,application_state,46,1,false
2025-05-01T09:51:00.500000Z,cap-app-0004,cap-corr-0004-s,help_search,79,354,false
2025-05-01T10:08:01.100000Z,cap-app-0005,cap-corr-0005,application_state,47,1,false
2025-05-01T10:08:00.500000Z,cap-app-0005,cap-corr-0005-s,help_search,80,355,false
2025-05-01T10:25:01.100000Z,cap-app-0006,cap-corr-0006,application_state,48,1,false
2025-05-01T10:25:00.500000Z,cap-app-0006,cap-corr-0006-s,help_search,81,356,false
2025-05-01T10:42:01.100000Z,cap-app-0007,cap-corr-0007,application_state,49,1,false
2025-05-01T10:42:00.500000Z,cap-app-0007,cap-corr-0007-s,help_search,82,357,false
2025-05-01T10:59:01.100000Z,cap-app-0008,cap-corr-0008,application_state,50,1,false
2025-05-01T10:59:00.500000Z,cap-app-0008,cap-corr-0008-s,help_search,83,358,false
2025-05-01T11:16:01.100000Z,cap-app-0009,cap-corr-0009,application_state,51,1,false
2025-05-01T11:16:00.500000Z,cap-app-0009,cap-corr-0009-s,help_search,84,359,false
2025-05-01T11:33:01.100000Z,cap-app-0010,cap-corr-0010,application_state,52,1,false
2025-05-01T11:33:00.500000Z,cap-app-0010,cap-corr-0010-s,help_search,85,360,false
2025-05-01T11:50:01.100000Z,cap-app-0011,cap-corr-0011,application_state,53,1,false
2025-05-01T11:50:00.500000Z,cap-app-0011,cap-corr-0011-s,help_search,86,361,false
2025-05-01T12:07:01.100000Z,cap-app-0012,cap-corr-0012,application_state,54,1,false
2025-05-01T12:07:00.500000Z,cap-app-0012,cap-corr-0012-s,help_search,87,362,false
2025-05-01T12:24:01.100000Z,cap-app-0013,cap-corr-0013,application_state,55,1,false
2025-05-01T12:24:00.500000Z,cap-app-0013,cap-corr-0013-s,help_search,88,363,false
2025-05-01T12:41:01.100000Z,cap-app-0014,cap-corr-0014,application_state,56,1,false
2025-05-01T12:41:00.500000Z,cap-app-0014,cap-corr-0014-s,help_search,89,364,false
2025-05-01T12:58:01.100000Z,cap-app-0015,cap-corr-0015,application_state,42,1,false
2025-05-01T12:58:00.500000Z,cap-app-0015,cap-corr-0015-s,help_search,90,365,false
2025-05-01T13:15:01.100000Z,cap-app-0016,cap-corr-0016,application_state,43,1,false
2025-05-01T13:15:00.500000Z,cap-app-0016,cap-corr-0016-s,help_search,91,366,false
2025-05-01T13:32:01.100000Z,cap-app-0017,cap-corr-0017,application_state,44,1,false
2025-05-01T13:32:00.500000Z,cap-app-0017,cap-corr-0017-s,help_search,92,367,false
2025-05-01T13:49:01.100000Z,cap-app-0018,cap-corr-0018,application_state,45,1,false
2025-05-01T13:49:00.500000Z,cap-app-0018,cap-corr-0018-s,help_search,93,368,false
2025-05-01T14:06:01.100000Z,cap-app-0019,cap-corr-0019,application_state,46,1,false
2025-05-01T14:06:00.500000Z,cap-app-0019,cap-corr-0019-s,help_search,94,369,false
2025-05-01T14:23:01.100000Z,cap-app-0020,cap-corr-0020,application_state,47,1,false
2025-05-01T14:23:00.500000Z,cap-app-0020,cap-corr-0020-s,help_search,95,370,false
2025-05-02T09:00:01.100000Z,cap-app-0021,cap-corr-0021,application_state,48,1,false
2025-05-02T09:00:00.500000Z,cap-app-0021,cap-corr-0021-s,help_search,96,371,false
2025-05-02T09:17:01.100000Z,cap-app-0022,cap-corr-0022,application_state,49,1,false
2025-05-02T09:17:00.500000Z,cap-app-0022,cap-corr-0022-s,help_search,97,372,false
2025-05-02T09:34:01.100000Z,cap-app-0023,cap-corr-0023,application_state,50,1,false
2025-05-02T09:34:00.500000Z,cap-app-0023,cap-corr-0023-s,help_search,98,373,false
2025-05-02T09:51:01.100000Z,cap-app-0024,cap-corr-0024,application_state,51,1,false
2025-05-02T09:51:00.500000Z,cap-app-0024,cap-corr-0024-s,help_search,99,374,false
2025-05-02T10:08:01.100000Z,cap-app-0025,cap-corr-0025,application_state,52,1,false
2025-05-02T10:08:00.500000Z,cap-app-0025,cap-corr-0025-s,help_search,100,375,false
2025-05-02T10:25:01.100000Z,cap-app-0026,cap-corr-0026,application_state,53,1,false
2025-05-02T10:25:00.500000Z,cap-app-0026,cap-corr-0026-s,help_search,101,376,false
2025-05-02T10:42:01.100000Z,cap-app-0027,cap-corr-0027,application_state,54,1,false
2025-05-02T10:42:00.500000Z,cap-app-0027,cap-corr-0027-s,help_search,102,377,false
2025-05-02T10:59:01.100000Z,cap-app-0028,cap-corr-0028,application_state,55,1,false
2025-05-02T10:59:00.500000Z,cap-app-0028,cap-corr-0028-s,help_search,103,378,false
2025-05-02T11:16:01.100000Z,cap-app-0029,cap-corr-0029,application_state,56,1,false
2025-05-02T11:16:00.500000Z,cap-app-0029,cap-corr-0029-s,help_search,104,379,false
2025-05-02T11:33:01.100000Z,cap-app-0030,cap-corr-0030,application_state,42,1,false
2025-05-02T11:33:00.500000Z,cap-app-0030,cap-corr-0030-s,help_search,105,380,false
2025-05-02T11:50:01.100000Z,cap-app-0031,cap-corr-0031,application_state,43,1,false
2025-05-02T11:50:00.500000Z,cap-app-0031,cap-corr-0031-s,help_search,106,381,false
2025-05-02T12:07:01.100000Z,cap-app-0032,cap-corr-0032,application_state,44,1,false
2025-05-02T12:07:00.500000Z,cap-app-0032,cap-corr-0032-s,help_search,107,382,false
2025-05-02T12:24:01.100000Z,cap-app-0033,cap-corr-0033,application_state,45,1,false
2025-05-02T12:24:00.500000Z,cap-app-0033,cap-corr-0033-s,help_search,108,383,false
2025-05-02T12:41:01.100000Z,cap-app-0034,cap-corr-0034,application_state,46,1,false
2025-05-02T12:41:00.500000Z,cap-app-0034,cap-corr-0034-s,help_search,109,384,false
2025-05-02T12:58:01.100000Z,cap-app-0035,cap-corr-0035,application_state,47,1,false
2025-05-02T12:58:00.500000Z,cap-app-0035,cap-corr-0035-s,help_search,75,385,false
2025-05-02T13:15:01.100000Z,cap-app-0036,cap-corr-0036,application_state,48,1,false
2025-05-02T13:15:00.500000Z,cap-app-0036,cap-corr-0036-s,help_search,76,386,false
2025-05-02T13:32:01.100000Z,cap-app-0037,cap-corr-0037,application_state,49,1,false
2025-05-02T13:32:00.500000Z,cap-app-0037,cap-corr-0037-s,help_search,77,387,false
2025-05-02T13:49:01.100000Z,cap-app-0038,cap-corr-0038,application_state,50,1,false
2025-05-02T13:49:00.500000Z,cap-app-0038,cap-corr-0038-s,help_search,78,388,false
2025-05-02T14:06:01.100000Z,cap-app-0039,cap-corr-0039,application_state,51,1,false
2025-05-02T14:06:00.500000Z,cap-app-0039,cap-corr-0039-s,help_search,79,389,false
2025-05-02T14:23:01.100000Z,cap-app-0040,cap-corr-0040,application_state,52,1,false
2025-05-02T14:23:00.500000Z,cap-app-0040,cap-corr-0040-s,help_search,80,390,false
2025-05-03T09:00:01.100000Z,cap-app-0041,cap-corr-0041,application_state,53,1,false
2025-05-03T09:00:00.500000Z,cap-app-0041,cap-corr-0041-s,help_search,81,391,false
2025-05-03T09:17:01.100000Z,cap-app-0042,cap-corr-0042,application_state,54,1,false
2025-05-03T09:17:00.500000Z,cap-app-0042,cap-corr-0042-s,help_search,82,392,false
2025-05-03T09:34:01.100000Z,cap-app-0043,cap-corr-0043,application_state,55,1,false
2025-05-03T09:34:00.500000Z,cap-app-0043,cap-corr-0043-s,help_search,83,393,false
2025-05-03T09:51:01.100000Z,cap-app-0044,cap-corr-0044,application_state,56,1,false
2025-05-03T09:51:00.500000Z,cap-app-0044,cap-corr-0044-s,help_search,84,394,false
2025-05-03T10:08:01.100000Z,cap-app-0045,cap-corr-0045,application_state,42,1,false
2025-05-03T10:08:00.500000Z,cap-app-0045,cap-corr-0045-s,help_search,85,395,false
2025-05-03T10:25:01.100000Z,cap-app-0046,cap-corr-0046,application_state,43,1,false
2025-05-03T10:25:00.500000Z,cap-app-0046,cap-corr-0046-s,help_search,86,396,false
2025-05-03T10:42:01.100000Z,cap-app-0047,cap-corr-0047,application_state,44,1,false
2025-05-03T10:42:00.500000Z,cap-app-0047,cap-corr-0047-s,help_search,87,397,false
2025-05-03T10:59:01.100000Z,cap-app-0048,cap-corr-0048,application_state,45,1,false
2025-05-03T10:59:00.500000Z,cap-app-0048,cap-corr-0048-s,help_search,88,398,false
2025-05-03T11:16:01.100000Z,cap-app-0049,cap-corr-0049,application_state,46,1,false
2025-05-03T11:16:00.500000Z,cap-app-0049,cap-corr-0049-s,help_search,89,399,false
2025-05-03T11:33:01.100000Z,cap-app-0050,cap-corr-0050,application_state,47,1,false
2025-05-03T11:33:00.500000Z,cap-app-0050,cap-corr-0050-s,help_search,90,400,false
2025-05-03T11:50:01.100000Z,cap-app-0051,cap-corr-0051,application_state,48,1,false
2025-05-03T11:50:00.500000Z,cap-app-0051,cap-corr-0051-s,help_search,91,401,false
2025-05-03T12:07:01.100000Z,cap-app-0052,cap-corr-0052,application_state,49,1,false
2025-05-03T12:07:00.500000Z,cap-app-0052,cap-corr-0052-s,help_search,92,402,false
2025-05-03T12:24:01.100000Z,cap-app-0053,cap-corr-0053,application_state,50,1,false
2025-05-03T12:24:00.500000Z,cap-app-0053,cap-corr-0053-s,help_search,93,403,false
2025-05-03T12:41:01.100000Z,cap-app-0054,cap-corr-0054,application_state,51,1,false
2025-05-03T12:41:00.500000Z,cap-app-0054,cap-corr-0054-s,help_search,94,404,false
2025-05-03T12:58:01.100000Z,cap-app-0055,cap-corr-0055,application_state,52,1,false
2025-05-03T12:58:00.500000Z,cap-app-0055,cap-corr-0055-s,help_search,95,405,false
2025-05-03T13:15:01.100000Z,cap-app-0056,cap-corr-0056,application_state,53,1,false
2025-05-03T13:15:00.500000Z,cap-app-0056,cap-corr-0056-s,help_search,96,406,false
2025-05-03T13:32:01.100000Z,cap-app-0057,cap-corr-0057,application_state,54,1,false
2025-05-03T13:32:00.500000Z,cap-app-0057,cap-corr-0057-s,help_search,97,407,false
2025-05-03T13:49:01.100000Z,cap-app-0058,cap-corr-0058,application_state,55,1,false
2025-05-03T13:49:00.500000Z,cap-app-0058,cap-corr-0058-s,help_search,98,408,false
2025-05-03T14:06:01.100000Z,cap-app-0059,cap-corr-0059,application_state,56,1,false
2025-05-03T14:06:00.500000Z,cap-app-0059,cap-corr-0059-s,help_search,99,409,false
2025-05-03T14:23:01.100000Z,cap-app-0060,cap-corr-0060,application_state,42,1,false
2025-05-03T14:23:00.500000Z,cap-app-0060,cap-corr-0060-s,help_search,100,410,false
2025-05-04T09:00:01.100000Z,cap-app-0061,cap-corr-0061,application_state,43,1,false
2025-05-04T09:00:00.500000Z,cap-app-0061,cap-corr-0061-s,help_search,101,411,false
2025-05-04T09:17:01.100000Z,cap-app-0062,cap-corr-0062,application_state,44,1,false
2025-05-04T09:17:00.500000Z,cap-app-0062,cap-corr-0062-s,help_search,102,412,false
2025-05-04T09:34:01.100000Z,cap-app-0063,cap-corr-0063,application_state,45,1,false
2025-05-04T09:34:00.500000Z,cap-app-0063,cap-corr-0063-s,help_search,103,413,false
2025-05-04T09:51:01.100000Z,cap-app-0064,cap-corr-0064,application_state,46,1,false
2025-05-04T09:51:00.500000Z,cap-app-0064,cap-corr-0064-s,help_search,104,414,false
2025-05-04T10:08:01.100000Z,cap-app-0065,cap-corr-0065,application_state,47,1,false
2025-05-04T10:08:00.500000Z,cap-app-0065,cap-corr-0065-s,help_search,105,415,false
2025-05-04T10:25:01.100000Z,cap-app-0066,cap-corr-0066,application_state,48,1,false
2025-05-04T10:25:00.500000Z,cap-app-0066,cap-corr-0066-s,help_search,106,416,false
2025-05-04T10:42:01.100000Z,cap-app-0067,cap-corr-0067,application_state,49,1,false
2025-05-04T10:42:00.500000Z,cap-app-0067,cap-corr-0067-s,help_search,107,417,false
2025-05-04T10:59:01.100000Z,cap-app-0068,cap-corr-0068,application_state,50,1,false
2025-05-04T10:59:00.500000Z,cap-app-0068,cap-corr-0068-s,help_search,108,418,false
2025-05-04T11:16:01.100000Z,cap-app-0069,cap-corr-0069,application_state,51,1,false
2025-05-04T11:16:00.500000Z,cap-app-0069,cap-corr-0069-s,help_search,109,419,false
2025-05-04T11:33:01.100000Z,cap-app-0070,cap-corr-0070,application_state,52,1,false
2025-05-04T11:33:00.500000Z,cap-app-0070,cap-corr-0070-s,help_search,75,420,false
2025-05-04T11:50:01.100000Z,cap-app-0071,cap-corr-0071,application_state,53,1,false
2025-05-04T11:50:00.500000Z,cap-app-0071,cap-corr-0071-s,help_search,76,421,false
2025-05-04T12:07:01.100000Z,cap-app-0072,cap-corr-0072,application_state,54,1,false
2025-05-04T12:07:00.500000Z,cap-app-0072,cap-corr-0072-s,help_search,77,422,false
2025-05-04T12:24:01.100000Z,cap-app-0073,cap-corr-0073,application_state,55,1,false
2025-05-04T12:24:00.500000Z,cap-app-0073,cap-corr-0073-s,help_search,78,423,false
2025-05-04T12:41:01.100000Z,cap-app-0074,cap-corr-0074,application_state,56,1,false
2025-05-04T12:41:00.500000Z,cap-app-0074,cap-corr-0074-s,help_search,79,424,false
2025-05-04T12:58:01.100000Z,cap-app-0075,cap-corr-0075,application_state,42,1,false
2025-05-04T12:58:00.500000Z,cap-app-0075,cap-corr-0075-s,help_search,80,425,false
2025-05-04T13:15:01.100000Z,cap-app-0076,cap-corr-0076,application_state,43,1,false
2025-05-04T13:15:00.500000Z,cap-app-0076,cap-corr-0076-s,help_search,81,426,false
2025-05-04T13:32:01.100000Z,cap-app-0077,cap-corr-0077,application_state,44,1,false
2025-05-04T13:32:00.500000Z,cap-app-0077,cap-corr-0077-s,help_search,82,427,false
2025-05-04T13:49:01.100000Z,cap-app-0078,cap-corr-0078,application_state,45,1,false
2025-05-04T13:49:00.500000Z,cap-app-0078,cap-corr-0078-s,help_search,83,428,false
2025-05-04T14:06:01.100000Z,cap-app-0079,cap-corr-0079,application_state,46,1,false
2025-05-04T14:06:00.500000Z,cap-app-0079,cap-corr-0079-s,help_search,84,429,false
2025-05-04T14:23:01.100000Z,cap-app-0080,cap-corr-0080,application_state,47,1,false
2025-05-04T14:23:00.500000Z,cap-app-0080,cap-corr-0080-s,help_search,85,430,false
2025-05-05T09:00:01.100000Z,cap-app-0081,cap-corr-0081,application_state,48,1,false
2025-05-05T09:00:00.500000Z,cap-app-0081,cap-corr-0081-s,help_search,86,431,false
2025-05-05T09:17:01.100000Z,cap-app-0082,cap-corr-0082,application_state,49,1,false
2025-05-05T09:17:00.500000Z,cap-app-0082,cap-corr-0082-s,help_search,87,432,false
2025-05-05T09:34:01.100000Z,cap-app-0083,cap-corr-0083,application_state,50,1,false
2025-05-05T09:34:00.500000Z,cap-app-0083,cap-corr-0083-s,help_search,88,433,false
2025-05-05T09:51:01.100000Z,cap-app-0084,cap-corr-0084,application_state,51,1,false
2025-05-05T09:51:00.500000Z,cap-app-0084,cap-corr-0084-s,help_search,89,434,false
2025-05-05T10:08:01.100000Z,cap-app-0085,cap-corr-0085,application_state,52,1,false
2025-05-05T10:08:00.500000Z,cap-app-0085,cap-corr-0085-s,help_search,90,435,false
2025-05-05T10:25:01.100000Z,cap-app-0086,cap-corr-0086,application_state,53,1,false
2025-05-05T10:25:00.500000Z,cap-app-0086,cap-corr-0086-s,help_search,91,436,false
2025-05-05T10:42:01.100000Z,cap-app-0087,cap-corr-0087,application_state,54,1,false
2025-05-05T10:42:00.500000Z,cap-app-0087,cap-corr-0087-s,help_search,92,437,false
2025-05-05T10:59:01.100000Z,cap-app-0088,cap-corr-0088,application_state,55,1,false
2025-05-05T10:59:00.500000Z,cap-app-0088,cap-corr-0088-s,help_search,93,438,false
2025-05-05T11:16:01.100000Z,cap-app-0089,cap-corr-0089,application_state,56,1,false
2025-05-05T11:16:00.500000Z,cap-app-0089,cap-corr-0089-s,help_search,94,439,false
2025-05-05T11:33:01.100000Z,cap-app-0090,cap-corr-0090,application_state,42,1,false
2025-05-05T11:33:00.500000Z,cap-app-0090,cap-corr-0090-s,help_search,95,440,false
2025-05-05T11:50:01.100000Z,cap-app-0091,cap-corr-0091,application_state,43,1,false
2025-05-05T11:50:00.500000Z,cap-app-0091,cap-corr-0091-s,help_search,96,441,false
2025-05-05T12:07:01.100000Z,cap-app-0092,cap-corr-0092,application_state,44,1,false
2025-05-05T12:07:00.500000Z,cap-app-0092,cap-corr-0092-s,help_search,97,442,false
2025-05-05T12:24:01.100000Z,cap-app-0093,cap-corr-0093,application_state,45,1,false
2025-05-05T12:24:00.500000Z,cap-app-0093,cap-corr-0093-s,help_search,98,443,false
2025-05-05T12:41:01.100000Z,cap-app-0094,cap-corr-0094,application_state,46,1,false
2025-05-05T12:41:00.500000Z,cap-app-0094,cap-corr-0094-s,help_search,99,444,false
2025-05-05T12:58:01.100000Z,cap-app-0095,cap-corr-0095,application_state,47,1,false
2025-05-05T12:58:00.500000Z,cap-app-0095,cap-corr-0095-s,help_search,100,445,false
2025-05-05T13:15:01.100000Z,cap-app-0096,cap-corr-0096,application_state,48,1,false
2025-05-05T13:15:00.500000Z,cap-app-0096,cap-corr-0096-s,help_search,101,446,false
2025-05-05T13:32:01.100000Z,cap-app-0097,cap-corr-0097,application_state,49,1,false
2025-05-05T13:32:00.500000Z,cap-app-0097,cap-corr-0097-s,help_search,102,447,false
2025-05-05T13:49:01.100000Z,cap-app-0098,cap-corr-0098,application_state,50,1,false
2025-05-05T13:49:00.500000Z,cap-app-0098,cap-corr-0098-s,help_search,103,448,false
2025-05-05T14:06:01.100000Z,cap-app-0099,cap-corr-0099,application_state,51,1,false
2025-05-05T14:06:00.500000Z,cap-app-0099,cap-corr-0099-s,help_search,104,449,false
2025-05-05T14:23:01.100000Z,cap-app-0100,cap-corr-0100,application_state,52,1,false
2025-05-05T14:23:00.500000Z,cap-app-0100,cap-corr-0100-s,help_search,105,350,false
2025-05-06T09:00:01.100000Z,cap-app-0101,cap-corr-0101,application_state,53,1,false
2025-05-06T09:00:00.500000Z,cap-app-0101,cap-corr-0101-s,help_search,106,351,false
2025-05-06T09:17:01.100000Z,cap-app-0102,cap-corr-0102,application_state,54,1,false
2025-05-06T09:17:00.500000Z,cap-app-0102,cap-corr-0102-s,help_search,107,352,false
2025-05-06T09:34:01.100000Z,cap-app-0103,cap-corr-0103,application_state,55,1,false
2025-05-06T09:34:00.500000Z,cap-app-0103,cap-corr-0103-s,help_search,108,353,false
2025-05-06T09:51:01.100000Z,cap-app-0104,cap-corr-0104,application_state,56,1,false
2025-05-06T09:51:00.500000Z,cap-app-0104,cap-corr-0104-s,help_search,109,354,false
2025-05-06T10:08:01.100000Z,cap-app-0105,cap-corr-0105,application_state,42,1,false
2025-05-06T10:08:00.500000Z,cap-app-0105,cap-corr-0105-s,help_search,75,355,false
2025-05-06T10:25:01.100000Z,cap-app-0106,cap-corr-0106,application_state,43,1,false
2025-05-06T10:25:00.500000Z,cap-app-0106,cap-corr-0106-s,help_search,76,356,false
2025-05-06T10:42:01.100000Z,cap-app-0107,cap-corr-0107,application_state,44,1,false
2025-05-06T10:42:00.500000Z,cap-app-0107,cap-corr-0107-s,help_search,77,357,false
2025-05-06T10:59:01.100000Z,cap-app-0108,cap-corr-0108,application_state,45,1,false
2025-05-06T10:59:00.500000Z,cap-app-0108,cap-corr-0108-s,help_search,78,358,false
2025-05-06T11:16:01.100000Z,cap-app-0109,cap-corr-0109,application_state,46,1,false
2025-05-06T11:16:00.500000Z,cap-app-0109,cap-corr-0109-s,help_search,79,359,false
2025-05-06T11:33:01.100000Z,cap-app-0110,cap-corr-0110,application_state,47,1,false
2025-05-06T11:33:00.500000Z,cap-app-0110,cap-corr-0110-s,help_search,80,360,false
2025-05-06T11:50:01.100000Z,cap-app-0111,cap-corr-0111,application_state,48,1,false
2025-05-06T11:50:00.500000Z,cap-app-0111,cap-corr-0111-s,help_search,81,361,false
2025-05-06T12:07:01.100000Z,cap-app-0112,cap-corr-0112,application_state,49,1,false
2025-05-06T12:07:00.500000Z,cap-app-0112,cap-corr-0112-s,help_search,82,362,false
2025-05-06T12:24:01.100000Z,cap-app-0113,cap-corr-0113,application_state,50,1,false
2025-05-06T12:24:00.500000Z,cap-app-0113,cap-corr-0113-s,help_search,83,363,false
2025-05-06T12:41:01.100000Z,cap-app-0114,cap-corr-0114,application_state,51,1,false
2025-05-06T12:41:00.500000Z,cap-app-0114,cap-corr-0114-s,help_search,84,364,false
2025-05-06T12:58:01.100000Z,cap-app-0115,cap-corr-0115,application_state,52,1,false
2025-05-06T12:58:00.500000Z,cap-app-0115,cap-corr-0115-s,help_search,85,365,false
2025-05-06T13:15:01.100000Z,cap-app-0116,cap-corr-0116,application_state,53,1,false
2025-05-06T13:15:00.500000Z,cap-app-0116,cap-corr-0116-s,help_search,86,366,false
2025-05-06T13:32:01.100000Z,cap-app-0117,cap-corr-0117,application_state,54,1,false
2025-05-06T13:32:00.500000Z,cap-app-0117,cap-corr-0117-s,help_search,87,367,false
2025-05-06T13:49:01.100000Z,cap-app-0118,cap-corr-0118,application_state,55,1,false
2025-05-06T13:49:00.500000Z,cap-app-0118,cap-corr-0118-s,help_search,88,368,false
2025-05-06T14:06:01.100000Z,cap-app-0119,cap-corr-0119,application_state,56,1,false
2025-05-06T14:06:00.500000Z,cap-app-0119,cap-corr-0119-s,help_search,89,369,false
2025-05-06T14:23:01.100000Z,cap-app-0120,cap-corr-0120,application_state,42,1,false
2025-05-06T14:23:00.500000Z,cap-app-0120,cap-corr-0120-s,help_search,90,370,false
2025-05-07T09:00:01.100000Z,cap-app-0121,cap-corr-0121,application_state,43,1,false
2025-05-07T09:00:00.500000Z,cap-app-0121,cap-corr-0121-s,help_search,91,371,false
2025-05-07T09:17:01.100000Z,cap-app-0122,cap-corr-0122,application_state,44,1,false
2025-05-07T09:17:00.500000Z,cap-app-0122,cap-corr-0122-s,help_search,92,372,false
2025-05-07T09:34:01.100000Z,cap-app-0123,cap-corr-0123,application_state,45,1,false
2025-05-07T09:34:00.500000Z,cap-app-0123,cap-corr-0123-s,help_search,93,373,false
2025-05-07T09:51:01.100000Z,cap-app-0124,cap-corr-0124,application_state,46,1,false
2025-05-07T09:51:00.500000Z,cap-app-0124,cap-corr-0124-s,help_search,94,374,false
2025-05-07T10:08:01.100000Z,cap-app-0125,cap-corr-0125,application_state,47,1,false
2025-05-07T10:08:00.500000Z,cap-app-0125,cap-corr-0125-s,help_search,95,375,false
2025-05-07T10:25:01.100000Z,cap-app-0126,cap-corr-0126,application_state,48,1,false
2025-05-07T10:25:00.500000Z,cap-app-0126,cap-corr-0126-s,help_search,96,376,false
2025-05-07T10:42:01.100000Z,cap-app-0127,cap-corr-0127,application_state,49,1,false
2025-05-07T10:42:00.500000Z,cap-app-0127,cap-corr-0127-s,help_search,97,377,false
2025-05-07T10:59:01.100000Z,cap-app-0128,cap-corr-0128,application_state,50,1,false
2025-05-07T10:59:00.500000Z,cap-app-0128,cap-corr-0128-s,help_search,98,378,false
2025-05-07T11:16:01.100000Z,cap-app-0129,cap-corr-0129,application_state,51,1,false
2025-05-07T11:16:00.500000Z,cap-app-0129,cap-corr-0129-s,help_search,99,379,false
2025-05-07T11:33:01.100000Z,cap-app-0130,cap-corr-0130,application_state,52,1,false
2025-05-07T11:33:00.500000Z,cap-app-0130,cap-corr-0130-s,help_search,100,380,false
2025-05-07T11:50:01.100000Z,cap-app-0131,cap-corr-0131,application_state,53,1,false
2025-05-07T11:50:00.500000Z,cap-app-0131,cap-corr-0131-s,help_search,101,381,false
2025-05-07T12:07:01.100000Z,cap-app-0132,cap-corr-0132,application_state,54,1,false
2025-05-07T12:07:00.500000Z,cap-app-0132,cap-corr-0132-s,help_search,102,382,false
2025-05-07T12:24:01.100000Z,cap-app-0133,cap-corr-0133,application_state,55,1,false
2025-05-07T12:24:00.500000Z,cap-app-0133,cap-corr-0133-s,help_search,103,383,false
2025-05-07T12:41:01.100000Z,cap-app-0134,cap-corr-0134,application_state,56,1,false
2025-05-07T12:41:00.500000Z,cap-app-0134,cap-corr-0134-s,help_search,104,384,false
2025-05-07T12:58:01.100000Z,cap-app-0135,cap-corr-0135,application_state,42,1,false
2025-05-07T12:58:00.500000Z,cap-app-0135,cap-corr-0135-s,help_search,105,385,false
2025-05-07T13:15:01.100000Z,cap-app-0136,cap-corr-0136,application_state,43,1,false
2025-05-07T13:15:00.500000Z,cap-app-0136,cap-corr-0136-s,help_search,106,386,false
2025-05-07T13:32:01.100000Z,cap-app-0137,cap-corr-0137,application_state,44,1,false
2025-05-07T13:32:00.500000Z,cap-app-0137,cap-corr-0137-s,help_search,107,387,false
2025-05-07T13:49:01.100000Z,cap-app-0138,cap-corr-0138,application_state,45,1,false
2025-05-07T13:49:00.500000Z,cap-app-0138,cap-corr-0138-s,help_search,108,388,false
2025-05-07T14:06:01.100000Z,cap-app-0139,cap-corr-0139,application_state,46,1,false
2025-05-07T14:06:00.500000Z,cap-app-0139,cap-corr-0139-s,help_search,109,389,false
2025-05-07T14:23:01.100000Z,cap-app-0140,cap-corr-0140,application_state,47,1,false
2025-05-07T14:23:00.500000Z,cap-app-0140,cap-corr-0140-s,help_search,75,390,false
2025-05-08T09:00:01.100000Z,cap-app-0141,cap-corr-0141,application_state,48,1,false
2025-05-08T09:00:00.500000Z,cap-app-0141,cap-corr-0141-s,help_search,76,391,false
2025-05-08T09:17:01.100000Z,cap-app-0142,cap-corr-0142,application_state,49,1,false
2025-05-08T09:17:00.500000Z,cap-app-0142,cap-corr-0142-s,help_search,77,392,false
2025-05-08T09:34:01.100000Z,cap-app-0143,cap-corr-0143,application_state,50,1,false
2025-05-08T09:34:00.500000Z,cap-app-0143,cap-corr-0143-s,help_search,78,393,false
2025-05-08T09:51:01.100000Z,cap-app-0144,cap-corr-0144,application_state,51,1,false
2025-05-08T09:51:00.500000Z,cap-app-0144,cap-corr-0144-s,help_search,79,394,false
2025-05-08T10:08:01.100000Z,cap-app-0145,cap-corr-0145,application_state,52,1,false
2025-05-08T10:08:00.500000Z,cap-app-0145,cap-corr-0145-s,help_search,80,395,false
2025-05-08T10:25:01.100000Z,cap-app-0146,cap-corr-0146,application_state,53,1,false
2025-05-08T10:25:00.500000Z,cap-app-0146,cap-corr-0146-s,help_search,81,396,false
2025-05-08T10:42:01.100000Z,cap-app-0147,cap-corr-0147,application_state,54,1,false
2025-05-08T10:42:00.500000Z,cap-app-0147,cap-corr-0147-s,help_search,82,397,false
2025-05-08T10:59:01.100000Z,cap-app-0148,cap-corr-0148,application_state,55,1,false
2025-05-08T10:59:00.500000Z,cap-app-0148,cap-corr-0148-s,help_search,83,398,false
2025-05-08T11:16:01.100000Z,cap-app-0149,cap-corr-0149,application_state,56,1,false
2025-05-08T11:16:00.500000Z,cap-app-0149,cap-corr-0149-s,help_search,84,399,false
2025-05-08T11:33:01.100000Z,cap-app-0150,cap-corr-0150,application_state,42,1,false
2025-05-08T11:33:00.500000Z,cap-app-0150,cap-corr-0150-s,help_search,85,400,false
2025-05-08T11:50:01.100000Z,cap-app-0151,cap-corr-0151,application_state,43,1,false
2025-05-08T11:50:00.500000Z,cap-app-0151,cap-corr-0151-s,help_search,86,401,false
2025-05-08T12:07:01.100000Z,cap-app-0152,cap-corr-0152,application_state,44,1,false
2025-05-08T12:07:00.500000Z,cap-app-0152,cap-corr-0152-s,help_search,87,402,false
2025-05-08T12:24:01.100000Z,cap-app-0153,cap-corr-0153,application_state,45,1,false
2025-05-08T12:24:00.500000Z,cap-app-0153,cap-corr-0153-s,help_search,88,403,false
2025-05-08T12:41:01.100000Z,cap-app-0154,cap-corr-0154,application_state,46,1,false
2025-05-08T12:41:00.500000Z,cap-app-0154,cap-corr-0154-s,help_search,89,404,false
2025-05-08T12:58:01.100000Z,cap-app-0155,cap-corr-0155,application_state,47,1,false
2025-05-08T12:58:00.500000Z,cap-app-0155,cap-corr-0155-s,help_search,90,405,false
2025-05-08T13:15:01.100000Z,cap-app-0156,cap-corr-0156,application_state,48,1,false
2025-05-08T13:15:00.500000Z,cap-app-0156,cap-corr-0156-s,help_search,91,406,false
2025-05-08T13:32:01.100000Z,cap-app-0157,cap-corr-0157,application_state,49,1,false
2025-05-08T13:32:00.500000Z,cap-app-0157,cap-corr-0157-s,help_search,92,407,false
2025-05-08T13:49:01.100000Z,cap-app-0158,cap-corr-0158,application_state,50,1,false
2025-05-08T13:49:00.500000Z,cap-app-0158,cap-corr-0158-s,help_search,93,408,false
2025-05-08T14:06:01.100000Z,cap-app-0159,cap-corr-0159,application_state,51,1,false
2025-05-08T14:06:00.500000Z,cap-app-0159,cap-corr-0159-s,help_search,94,409,false
2025-05-08T14:23:01.100000Z,cap-app-0160,cap-corr-0160,application_state,52,1,false
2025-05-08T14:23:00.500000Z,cap-app-0160,cap-corr-0160-s,help_search,95,410,false
2025-05-09T09:00:01.100000Z,cap-app-0161,cap-corr-0161,application_state,53,1,false
2025-05-09T09:00:00.500000Z,cap-app-0161,cap-corr-0161-s,help_search,96,411,false
2025-05-09T09:17:01.100000Z,cap-app-0162,cap-corr-0162,application_state,54,1,false
2025-05-09T09:17:00.500000Z,cap-app-0162,cap-corr-0162-s,help_search,97,412,false
2025-05-09T09:34:01.100000Z,cap-app-0163,cap-corr-0163,application_state,55,1,false
2025-05-09T09:34:00.500000Z,cap-app-0163,cap-corr-0163-s,help_search,98,413,false
2025-05-09T09:51:01.100000Z,cap-app-0164,cap-corr-0164,application_state,56,1,false
2025-05-09T09:51:00.500000Z,cap-app-0164,cap-corr-0164-s,help_search,99,414,false
2025-05-09T10:08:01.100000Z,cap-app-0165,cap-corr-0165,application_state,42,1,false
2025-05-09T10:08:00.500000Z,cap-app-0165,cap-corr-0165-s,help_search,100,415,false
2025-05-09T10:25:01.100000Z,cap-app-0166,cap-corr-0166,application_state,43,1,false
2025-05-09T10:25:00.500000Z,cap-app-0166,cap-corr-0166-s,help_search,101,416,false
2025-05-09T10:42:01.100000Z,cap-app-0167,cap-corr-0167,application_state,44,1,false
2025-05-09T10:42:00.500000Z,cap-app-0167,cap-corr-0167-s,help_search,102,417,false
2025-05-09T10:59:01.100000Z,cap-app-0168,cap-corr-0168,application_state,45,1,false
2025-05-09T10:59:00.500000Z,cap-app-0168,cap-corr-0168-s,help_search,103,418,false
2025-05-09T11:16:01.100000Z,cap-app-0169,cap-corr-0169,application_state,46,1,false
2025-05-09T11:16:00.500000Z,cap-app-0169,cap-corr-0169-s,help_search,104,419,false
2025-05-09T11:33:01.100000Z,cap-app-0170,cap-corr-0170,application_state,47,1,false
2025-05-09T11:33:00.500000Z,cap-app-0170,cap-corr-0170-s,help_search,105,420,false
2025-05-09T11:50:01.100000Z,cap-app-0171,cap-corr-0171,application_state,48,1,false
2025-05-09T11:50:00.500000Z,cap-app-0171,cap-corr-0171-s,help_search,106,421,false
2025-05-09T12:07:01.100000Z,cap-app-0172,cap-corr-0172,application_state,49,1,false
2025-05-09T12:07:00.500000Z,cap-app-0172,cap-corr-0172-s,help_search,107,422,false
2025-05-09T12:24:01.100000Z,cap-app-0173,cap-corr-0173,application_state,50,1,false
2025-05-09T12:24:00.500000Z,cap-app-0173,cap-corr-0173-s,help_search,108,423,false
2025-05-09T12:41:01.100000Z,cap-app-0174,cap-corr-0174,application_state,51,1,false
2025-05-09T12:41:00.500000Z,cap-app-0174,cap-corr-0174-s,help_search,109,424,false
2025-05-09T12:58:01.100000Z,cap-app-0175,cap-corr-0175,application_state,52,1,false
2025-05-09T12:58:00.500000Z,cap-app-0175,cap-corr-0175-s,help_search,75,425,false
2025-05-09T13:15:01.100000Z,cap-app-0176,cap-corr-0176,application_state,53,1,false
2025-05-09T13:15:00.500000Z,cap-app-0176,cap-corr-0176-s,help_search,76,426,false
2025-05-09T13:32:01.100000Z,cap-app-0177,cap-corr-0177,application_state,54,1,false
2025-05-09T13:32:00.500000Z,cap-app-0177,cap-corr-0177-s,help_search,77,427,false
2025-05-09T13:49:01.100000Z,cap-app-0178,cap-corr-0178,application_state,55,1,false
2025-05-09T13:49:00.500000Z,cap-app-0178,cap-corr-0178-s,help_search,78,428,false
2025-05-09T14:06:01.100000Z,cap-app-0179,cap-corr-0179,application_state,56,1,false
2025-05-09T14:06:00.500000Z,cap-app-0179,cap-corr-0179-s,help_search,79,429,false
2025-05-09T14:23:01.100000Z,cap-app-0180,cap-corr-0180,application_state,42,1,false
2025-05-09T14:23:00.500000Z,cap-app-0180,cap-corr-0180-s,help_search,80,430,false
2025-05-10T09:00:01.100000Z,cap-app-0181,cap-corr-0181,application_state,43,1,false
2025-05-10T09:00:00.500000Z,cap-app-0181,cap-corr-0181-s,help_search,81,431,false
2025-05-10T09:17:01.100000Z,cap-app-0182,cap-corr-0182,application_state,44,1,false
2025-05-10T09:17:00.500000Z,cap-app-0182,cap-corr-0182-s,help_search,82,432,false
2025-05-10T09:34:01.100000Z,cap-app-0183,cap-corr-0183,application_state,45,1,false
2025-05-10T09:34:00.500000Z,cap-app-0183,cap-corr-0183-s,help_search,83,433,false
2025-05-10T09:51:01.100000Z,cap-app-0184,cap-corr-0184,application_state,46,1,false
2025-05-10T09:51:00.500000Z,cap-app-0184,cap-corr-0184-s,help_search,84,434,false
2025-05-10T10:08:01.100000Z,cap-app-0185,cap-corr-0185,application_state,47,1,false
2025-05-10T10:08:00.500000Z,cap-app-0185,cap-corr-0185-s,help_search,85,435,false
2025-05-10T10:25:01.100000Z,cap-app-0186,cap-corr-0186,application_state,48,1,false
2025-05-10T10:25:00.500000Z,cap-app-0186,cap-corr-0186-s,help_search,86,436,false
2025-05-10T10:42:01.100000Z,cap-app-0187,cap-corr-0187,application_state,49,1,false
2025-05-10T10:42:00.500000Z,cap-app-0187,cap-corr-0187-s,help_search,87,437,false
2025-05-10T10:59:01.100000Z,cap-app-0188,cap-corr-0188,application_state,50,1,false
2025-05-10T10:59:00.500000Z,cap-app-0188,cap-corr-0188-s,help_search,88,438,false
2025-05-10T11:16:01.100000Z,cap-app-0189,cap-corr-0189,application_state,51,1,false
2025-05-10T11:16:00.500000Z,cap-app-0189,cap-corr-0189-s,help_search,89,439,false
2025-05-10T11:33:01.100000Z,cap-app-0190,cap-corr-0190,application_state,52,1,false
2025-05-10T11:33:00.500000Z,cap-app-0190,cap-corr-0190-s,help_search,90,440,false
2025-05-10T11:50:01.100000Z,cap-app-0191,cap-corr-0191,application_state,53,1,false
2025-05-10T11:50:00.500000Z,cap-app-0191,cap-corr-0191-s,help_search,91,441,false
2025-05-10T12:07:01.100000Z,cap-app-0192,cap-corr-0192,application_state,54,1,false
2025-05-10T12:07:00.500000Z,cap-app-0192,cap-corr-0192-s,help_search,92,442,false
2025-05-10T12:24:01.100000Z,cap-app-0193,cap-corr-0193,application_state,55,1,false
2025-05-10T12:24:00.500000Z,cap-app-0193,cap-corr-0193-s,help_search,93,443,false
2025-05-10T12:41:01.100000Z,cap-app-0194,cap-corr-0194,application_state,56,1,false
2025-05-10T12:41:00.500000Z,cap-app-0194,cap-corr-0194-s,help_search,94,444,false
2025-05-10T12:58:01.100000Z,cap-app-0195,cap-corr-0195,application_state,42,1,false
2025-05-10T12:58:00.500000Z,cap-app-0195,cap-corr-0195-s,help_search,95,445,false
2025-05-10T13:15:01.100000Z,cap-app-0196,cap-corr-0196,application_state,43,1,false
2025-05-10T13:15:00.500000Z,cap-app-0196,cap-corr-0196-s,help_search,96,446,false
2025-05-10T13:32:01.100000Z,cap-app-0197,cap-corr-0197,application_state,44,1,false
2025-05-10T13:32:00.500000Z,cap-app-0197,cap-corr-0197-s,help_search,97,447,false
2025-05-10T13:49:01.100000Z,cap-app-0198,cap-corr-0198,application_state,45,1,false
2025-05-10T13:49:00.500000Z,cap-app-0198,cap-corr-0198-s,help_search,98,448,false
2025-05-10T14:06:01.100000Z,cap-app-0199,cap-corr-0199,application_state,46,1,false
2025-05-10T14:06:00.500000Z,cap-app-0199,cap-corr-0199-s,help_search,99,449,false
2025-05-10T14:23:01.100000Z,cap-app-0200,cap-corr-0200,application_state,47,1,false
2025-05-10T14:23:00.500000Z,cap-app-0200,cap-corr-0200-s,help_search,100,350,false
2025-05-11T09:00:01.100000Z,cap-app-0201,cap-corr-0201,application_state,48,1,false
2025-05-11T09:00:00.500000Z,cap-app-0201,cap-corr-0201-s,help_search,101,351,false
2025-05-11T09:17:01.100000Z,cap-app-0202,cap-corr-0202,application_state,49,1,false
2025-05-11T09:17:00.500000Z,cap-app-0202,cap-corr-0202-s,help_search,102,352,false
2025-05-11T09:34:01.100000Z,cap-app-0203,cap-corr-0203,application_state,50,1,false
2025-05-11T09:34:00.500000Z,cap-app-0203,cap-corr-0203-s,help_search,103,353,false
2025-05-11T09:51:01.100000Z,cap-app-0204,cap-corr-0204,application_state,51,1,false
2025-05-11T09:51:00.500000Z,cap-app-0204,cap-corr-0204-s,help_search,104,354,false
2025-05-11T10:08:01.100000Z,cap-app-0205,cap-corr-0205,application_state,52,1,false
2025-05-11T10:08:00.500000Z,cap-app-0205,cap-corr-0205-s,help_search,105,355,false
2025-05-11T10:25:01.100000Z,cap-app-0206,cap-corr-0206,application_state,53,1,false
2025-05-11T10:25:00.500000Z,cap-app-0206,cap-corr-0206-s,help_search,106,356,false
2025-05-11T10:42:01.100000Z,cap-app-0207,cap-corr-0207,application_state,54,1,false
2025-05-11T10:42:00.500000Z,cap-app-0207,cap-corr-0207-s,help_search,107,357,false
2025-05-11T10:59:01.100000Z,cap-app-0208,cap-corr-0208,application_state,55,1,false
2025-05-11T10:59:00.500000Z,cap-app-0208,cap-corr-0208-s,help_search,108,358,false
2025-05-11T11:16:01.100000Z,cap-app-0209,cap-corr-0209,application_state,56,1,false
2025-05-11T11:16:00.500000Z,cap-app-0209,cap-corr-0209-s,help_search,109,359,false
2025-05-11T11:33:01.100000Z,cap-app-0210,cap-corr-0210,application_state,42,1,false
2025-05-11T11:33:00.500000Z,cap-app-0210,cap-corr-0210-s,help_search,75,360,false
2025-05-11T11:50:01.100000Z,cap-app-0211,cap-corr-0211,application_state,43,1,false
2025-05-11T11:50:00.500000Z,cap-app-0211,cap-corr-0211-s,help_search,76,361,false
2025-05-11T12:07:01.100000Z,cap-app-0212,cap-corr-0212,application_state,44,1,false
2025-05-11T12:07:00.500000Z,cap-app-0212,cap-corr-0212-s,help_search,77,362,false
2025-05-11T12:24:01.100000Z,cap-app-0213,cap-corr-0213,application_state,45,1,false
2025-05-11T12:24:00.500000Z,cap-app-0213,cap-corr-0213-s,help_search,78,363,false
2025-05-11T12:41:01.100000Z,cap-app-0214,cap-corr-0214,application_state,46,1,false
2025-05-11T12:41:00.500000Z,cap-app-0214,cap-corr-0214-s,help_search,79,364,false
2025-05-11T12:58:01.100000Z,cap-app-0215,cap-corr-0215,application_state,47,1,false
2025-05-11T12:58:00.500000Z,cap-app-0215,cap-corr-0215-s,help_search,80,365,false
2025-05-11T13:15:01.100000Z,cap-app-0216,cap-corr-0216,application_state,48,1,false
2025-05-11T13:15:00.500000Z,cap-app-0216,cap-corr-0216-s,help_search,81,366,false
2025-05-11T13:32:01.100000Z,cap-app-0217,cap-corr-0217,application_state,49,1,false
2025-05-11T13:32:00.500000Z,cap-app-0217,cap-corr-0217-s,help_search,82,367,false
2025-05-11T13:49:01.100000Z,cap-app-0218,cap-corr-0218,application_state,50,1,false
2025-05-11T13:49:00.500000Z,cap-app-0218,cap-corr-0218-s,help_search,83,368,false
2025-05-11T14:06:01.100000Z,cap-app-0219,cap-corr-0219,application_state,51,1,false
2025-05-11T14:06:00.500000Z,cap-app-0219,cap-corr-0219-s,help_search,84,369,false
2025-05-11T14:23:01.100000Z,cap-app-0220,cap-corr-0220,application_state,52,1,false
2025-05-11T14:23:00.500000Z,cap-app-0220,cap-corr-0220-s,help_search,85,370,false
2025-05-12T09:00:01.100000Z,cap-app-0221,cap-corr-0221,application_state,53,1,false
2025-05-12T09:00:00.500000Z,cap-app-0221,cap-corr-0221-s,help_search,86,371,false
2025-05-12T09:17:01.100000Z,cap-app-0222,cap-corr-0222,application_state,54,1,false
2025-05-12T09:17:00.500000Z,cap-app-0222,cap-corr-0222-s,help_search,87,372,false
2025-05-12T09:34:01.100000Z,cap-app-0223,cap-corr-0223,application_state,55,1,false
2025-05-12T09:34:00.500000Z,cap-app-0223,cap-corr-0223-s,help_search,88,373,false
2025-05-12T09:51:01.100000Z,cap-app-0224,cap-corr-0224,application_state,56,1,false
2025-05-12T09:51:00.500000Z,cap-app-0224,cap-corr-0224-s,help_search,89,374,false
2025-05-12T10:08:01.100000Z,cap-app-0225,cap-corr-0225,application_state,42,1,false
2025-05-12T10:08:00.500000Z,cap-app-0225,cap-corr-0225-s,help_search,90,375,false
2025-05-12T10:25:01.100000Z,cap-app-0226,cap-corr-0226,application_state,43,1,false
2025-05-12T10:25:00.500000Z,cap-app-0226,cap-corr-0226-s,help_search,91,376,false
2025-05-12T10:42:01.100000Z,cap-app-0227,cap-corr-0227,application_state,44,1,false
2025-05-12T10:42:00.500000Z,cap-app-0227,cap-corr-0227-s,help_search,92,377,false
2025-05-12T10:59:01.100000Z,cap-app-0228,cap-corr-0228,application_state,45,1,false
2025-05-12T10:59:00.500000Z,cap-app-0228,cap-corr-0228-s,help_search,93,378,false
2025-05-12T11:16:01.100000Z,cap-app-0229,cap-corr-0229,application_state,46,1,false
2025-05-12T11:16:00.500000Z,cap-app-0229,cap-corr-0229-s,help_search,94,379,false
2025-05-12T11:33:01.100000Z,cap-app-0230,cap-corr-0230,application_state,47,1,false
2025-05-12T11:33:00.500000Z,cap-app-0230,cap-corr-0230-s,help_search,95,380,false
2025-05-12T11:50:01.100000Z,cap-app-0231,cap-corr-0231,application_state,48,1,false
2025-05-12T11:50:00.500000Z,cap-app-0231,cap-corr-0231-s,help_search,96,381,false
2025-05-12T12:07:01.100000Z,cap-app-0232,cap-corr-0232,application_state,49,1,false
2025-05-12T12:07:00.500000Z,cap-app-0232,cap-corr-0232-s,help_search,97,382,false
2025-05-12T12:24:01.100000Z,cap-app-0233,cap-corr-0233,application_state,50,1,false
2025-05-12T12:24:00.500000Z,cap-app-0233,cap-corr-0233-s,help_search,98,383,false
2025-05-12T12:41:01.100000Z,cap-app-0234,cap-corr-0234,application_state,51,1,false
2025-05-12T12:41:00.500000Z,cap-app-0234,cap-corr-0234-s,help_search,99,384,false
2025-05-12T12:58:01.100000Z,cap-app-0235,cap-corr-0235,application_state,52,1,false
2025-05-12T12:58:00.500000Z,cap-app-0235,cap-corr-0235-s,help_search,100,385,false
2025-05-12T13:15:01.100000Z,cap-app-0236,cap-corr-0236,application_state,53,1,false
2025-05-12T13:15:00.500000Z,cap-app-0236,cap-corr-0236-s,help_search,101,386,false
2025-05-12T13:32:01.100000Z,cap-app-0237,cap-corr-0237,application_state,54,1,false
2025-05-12T13:32:00.500000Z,cap-app-0237,cap-corr-0237-s,help_search,102,387,false
2025-05-12T13:49:01.100000Z,cap-app-0238,cap-corr-0238,application_state,55,1,false
2025-05-12T13:49:00.500000Z,cap-app-0238,cap-corr-0238-s,help_search,103,388,false
2025-05-12T14:06:01.100000Z,cap-app-0239,cap-corr-0239,application_state,56,1,false
2025-05-12T14:06:00.500000Z,cap-app-0239,cap-corr-0239-s,help_search,104,389,false
2025-05-12T14:23:01.100000Z,cap-app-0240,cap-corr-0240,application_state,42,1,false
2025-05-12T14:23:00.500000Z,cap-app-0240,cap-corr-0240-s,help_search,105,390,false
2025-05-13T09:00:01.100000Z,cap-app-0241,cap-corr-0241,application_state,43,1,false
2025-05-13T09:00:00.500000Z,cap-app-0241,cap-corr-0241-s,help_search,106,391,false
2025-05-13T09:17:01.100000Z,cap-app-0242,cap-corr-0242,application_state,44,1,false
2025-05-13T09:17:00.500000Z,cap-app-0242,cap-corr-0242-s,help_search,107,392,false
2025-05-13T09:34:01.100000Z,cap-app-0243,cap-corr-0243,application_state,45,1,false
2025-05-13T09:34:00.500000Z,cap-app-0243,cap-corr-0243-s,help_search,108,393,false
2025-05-13T09:51:01.100000Z,cap-app-0244,cap-corr-0244,application_state,46,1,false
2025-05-13T09:51:00.500000Z,cap-app-0244,cap-corr-0244-s,help_search,109,394,false
2025-05-13T10:08:01.100000Z,cap-app-0245,cap-corr-0245,application_state,47,1,false
2025-05-13T10:08:00.500000Z,cap-app-0245,cap-corr-0245-s,help_search,75,395,false
2025-05-13T10:25:01.100000Z,cap-app-0246,cap-corr-0246,application_state,48,1,false
2025-05-13T10:25:00.500000Z,cap-app-0246,cap-corr-0246-s,help_search,76,396,false
2025-05-13T10:42:01.100000Z,cap-app-0247,cap-corr-0247,application_state,49,1,false
2025-05-13T10:42:00.500000Z,cap-app-0247,cap-corr-0247-s,help_search,77,397,false
2025-05-13T10:59:01.100000Z,cap-app-0248,cap-corr-0248,application_state,50,1,false
2025-05-13T10:59:00.500000Z,cap-app-0248,cap-corr-0248-s,help_search,78,398,false
2025-05-13T11:16:01.100000Z,cap-app-0249,cap-corr-0249,application_state,51,1,false
2025-05-13T11:16:00.500000Z,cap-app-0249,cap-corr-0249-s,help_search,79,399,false
2025-05-13T11:33:01.100000Z,cap-app-0250,cap-corr-0250,application_state,52,1,false
2025-05-13T11:33:00.500000Z,cap-app-0250,cap-corr-0250-s,help_search,80,400,false
2025-05-13T11:50:01.100000Z,cap-app-0251,cap-corr-0251,application_state,53,1,false
2025-05-13T11:50:00.500000Z,cap-app-0251,cap-corr-0251-s,help_search,81,401,false
2025-05-13T12:07:01.100000Z,cap-app-0252,cap-corr-0252,application_state,54,1,false
2025-05-13T12:07:00.500000Z,cap-app-0252,cap-corr-0252-s,help_search,82,402,false
2025-05-13T12:24:01.100000Z,cap-app-0253,cap-corr-0253,application_state,55,1,false
2025-05-13T12:24:00.500000Z,cap-app-0253,cap-corr-0253-s,help_search,83,403,false
2025-05-13T12:41:01.100000Z,cap-app-0254,cap-corr-0254,application_state,56,1,false
2025-05-13T12:41:00.500000Z,cap-app-0254,cap-corr-0254-s,help_search,84,404,false
2025-05-13T12:58:01.100000Z,cap-app-0255,cap-corr-0255,application_state,42,1,false
2025-05-13T12:58:00.500000Z,cap-app-0255,cap-corr-0255-s,help_search,85,405,false
2025-05-13T13:15:01.100000Z,cap-app-0256,cap-corr-0256,application_state,43,1,false
2025-05-13T13:15:00.500000Z,cap-app-0256,cap-corr-0256-s,help_search,86,406,false
2025-05-13T13:32:01.100000Z,cap-app-0257,cap-corr-0257,application_state,44,1,false
2025-05-13T13:32:00.500000Z,cap-app-0257,cap-corr-0257-s,help_search,87,407,false
2025-05-13T13:49:01.100000Z,cap-app-0258,cap-corr-0258,application_state,45,1,false
2025-05-13T13:49:00.500000Z,cap-app-0258,cap-corr-0258-s,help_search,88,408,false
2025-05-13T14:06:01.100000Z,cap-app-0259,cap-corr-0259,application_state,46,1,false
2025-05-13T14:06:00.500000Z,cap-app-0259,cap-corr-0259-s,help_search,89,409,false
2025-05-13T14:23:01.100000Z,cap-app-0260,cap-corr-0260,application_state,47,1,false
2025-05-13T14:23:00.500000Z,cap-app-0260,cap-corr-0260-s,help_search,90,410,false
2025-05-14T09:00:01.100000Z,cap-app-0261,cap-corr-0261,application_state,48,1,false
2025-05-14T09:00:00.500000Z,cap-app-0261,cap-corr-0261-s,help_search,91,411,false
2025-05-14T09:17:01.100000Z,cap-app-0262,cap-corr-0262,application_state,49,1,false
2025-05-14T09:17:00.500000Z,cap-app-0262,cap-corr-0262-s,help_search,92,412,false
2025-05-14T09:34:01.100000Z,cap-app-0263,cap-corr-0263,application_state,50,1,false
2025-05-14T09:34:00.500000Z,cap-app-0263,cap-corr-0263-s,help_search,93,413,false
2025-05-14T09:51:01.100000Z,cap-app-0264,cap-corr-0264,application_state,51,1,false
2025-05-14T09:51:00.500000Z,cap-app-0264,cap-corr-0264-s,help_search,94,414,false
2025-05-14T10:08:01.100000Z,cap-app-0265,cap-corr-0265,application_state,52,1,false
2025-05-14T10:08:00.500000Z,cap-app-0265,cap-corr-0265-s,help_search,95,415,false
2025-05-14T10:25:01.100000Z,cap-app-0266,cap-corr-0266,application_state,53,1,false
2025-05-14T10:25:00.500000Z,cap-app-0266,cap-corr-0266-s,help_search,96,416,false
2025-05-14T10:42:01.100000Z,cap-app-0267,cap-corr-0267,application_state,54,1,false
2025-05-14T10:42:00.500000Z,cap-app-0267,cap-corr-0267-s,help_search,97,417,false
2025-05-14T10:59:01.100000Z,cap-app-0268,cap-corr-0268,application_state,55,1,false
2025-05-14T10:59:00.500000Z,cap-app-0268,cap-corr-0268-s,help_search,98,418,false
2025-05-14T11:16:01.100000Z,cap-app-0269,cap-corr-0269,application_state,56,1,false
2025-05-14T11:16:00.500000Z,cap-app-0269,cap-corr-0269-s,help_search,99,419,false
2025-05-14T11:33:01.100000Z,cap-app-0270,cap-corr-0270,application_state,42,1,false
2025-05-14T11:33:00.500000Z,cap-app-0270,cap-corr-0270-s,help_search,100,420,false
2025-05-14T11:50:01.100000Z,cap-app-0271,cap-corr-0271,application_state,43,1,false
2025-05-14T11:50:00.500000Z,cap-app-0271,cap-corr-0271-s,help_search,101,421,false
2025-05-14T12:07:01.100000Z,cap-app-0272,cap-corr-0272,application_state,44,1,false
2025-05-14T12:07:00.500000Z,cap-app-0272,cap-corr-0272-s,help_search,102,422,false
2025-05-14T12:24:01.100000Z,cap-app-0273,cap-corr-0273,application_state,45,1,false
2025-05-14T12:24:00.500000Z,cap-app-0273,cap-corr-0273-s,help_search,103,423,false
2025-05-14T12:41:01.100000Z,cap-app-0274,cap-corr-0274,application_state,46,1,false
2025-05-14T12:41:00.500000Z,cap-app-0274,cap-corr-0274-s,help_search,104,424,false
2025-05-14T12:58:01.100000Z,cap-app-0275,cap-corr-0275,application_state,47,1,false
2025-05-14T12:58:00.500000Z,cap-app-0275,cap-corr-0275-s,help_search,105,425,false
2025-05-14T13:15:01.100000Z,cap-app-0276,cap-corr-0276,application_state,48,1,false
2025-05-14T13:15:00.500000Z,cap-app-0276,cap-corr-0276-s,help_search,106,426,false
2025-05-14T13:32:01.100000Z,cap-app-0277,cap-corr-0277,application_state,49,1,false
2025-05-14T13:32:00.500000Z,cap-app-0277,cap-corr-0277-s,help_search,107,427,false
2025-05-14T13:49:01.100000Z,cap-app-0278,cap-corr-0278,application_state,50,1,false
2025-05-14T13:49:00.500000Z,cap-app-0278,cap-corr-0278-s,help_search,108,428,false
2025-05-14T14:06:01.100000Z,cap-app-0279,cap-corr-0279,application_state,51,1,false
2025-05-14T14:06:00.500000Z,cap-app-0279,cap-corr-0279-s,help_search,109,429,false
2025-05-14T14:23:01.100000Z,cap-app-0280,cap-corr-0280,application_state,52,1,false
2025-05-14T14:23:00.500000Z,cap-app-0280,cap-corr-0280-s,help_search,75,430,false
2025-05-15T09:00:01.100000Z,cap-app-0281,cap-corr-0281,application_state,53,1,false
2025-05-15T09:00:00.500000Z,cap-app-0281,cap-corr-0281-s,help_search,251,431,true
2025-05-15T09:17:01.100000Z,cap-app-0282,cap-corr-0282,application_state,54,1,false
2025-05-15T09:17:00.500000Z,cap-app-0282,cap-corr-0282-s,help_search,252,432,true
2025-05-15T09:34:01.100000Z,cap-app-0283,cap-corr-0283,application_state,55,1,false
2025-05-15T09:34:00.500000Z,cap-app-0283,cap-corr-0283-s,help_search,253,433,true
2025-05-15T09:51:01.100000Z,cap-app-0284,cap-corr-0284,application_state,56,1,false
2025-05-15T09:51:00.500000Z,cap-app-0284,cap-corr-0284-s,help_search,254,434,true
2025-05-15T10:08:01.100000Z,cap-app-0285,cap-corr-0285,application_state,42,1,false
2025-05-15T10:08:00.500000Z,cap-app-0285,cap-corr-0285-s,help_search,255,435,true
2025-05-15T10:25:01.100000Z,cap-app-0286,cap-corr-0286,application_state,43,1,false
2025-05-15T10:25:00.500000Z,cap-app-0286,cap-corr-0286-s,help_search,256,436,true
2025-05-15T10:42:01.100000Z,cap-app-0287,cap-corr-0287,application_state,44,1,false
2025-05-15T10:42:00.500000Z,cap-app-0287,cap-corr-0287-s,help_search,257,437,true
2025-05-15T10:59:01.100000Z,cap-app-0288,cap-corr-0288,application_state,45,1,false
2025-05-15T10:59:00.500000Z,cap-app-0288,cap-corr-0288-s,help_search,258,438,true
2025-05-15T11:16:01.100000Z,cap-app-0289,cap-corr-0289,application_state,46,1,false
2025-05-15T11:16:00.500000Z,cap-app-0289,cap-corr-0289-s,help_search,259,439,true
2025-05-15T11:33:01.100000Z,cap-app-0290,cap-corr-0290,application_state,47,1,false
2025-05-15T11:33:00.500000Z,cap-app-0290,cap-corr-0290-s,help_search,260,440,true
2025-05-15T11:50:01.100000Z,cap-app-0291,cap-corr-0291,application_state,48,1,false
2025-05-15T11:50:00.500000Z,cap-app-0291,cap-corr-0291-s,help_search,261,441,true
2025-05-15T12:07:01.100000Z,cap-app-0292,cap-corr-0292,application_state,49,1,false
2025-05-15T12:07:00.500000Z,cap-app-0292,cap-corr-0292-s,help_search,262,442,true
2025-05-15T12:24:01.100000Z,cap-app-0293,cap-corr-0293,application_state,50,1,false
2025-05-15T12:24:00.500000Z,cap-app-0293,cap-corr-0293-s,help_search,263,443,true
2025-05-15T12:41:01.100000Z,cap-app-0294,cap-corr-0294,application_state,51,1,false
2025-05-15T12:41:00.500000Z,cap-app-0294,cap-corr-0294-s,help_search,264,444,true
2025-05-15T12:58:01.100000Z,cap-app-0295,cap-corr-0295,application_state,52,1,false
2025-05-15T12:58:00.500000Z,cap-app-0295,cap-corr-0295-s,help_search,265,445,true
2025-05-15T13:15:01.100000Z,cap-app-0296,cap-corr-0296,application_state,53,1,false
2025-05-15T13:15:00.500000Z,cap-app-0296,cap-corr-0296-s,help_search,266,446,true
2025-05-15T13:32:01.100000Z,cap-app-0297,cap-corr-0297,application_state,54,1,false
2025-05-15T13:32:00.500000Z,cap-app-0297,cap-corr-0297-s,help_search,267,447,true
2025-05-15T13:49:01.100000Z,cap-app-0298,cap-corr-0298,application_state,55,1,false
2025-05-15T13:49:00.500000Z,cap-app-0298,cap-corr-0298-s,help_search,268,448,true
2025-05-15T14:06:01.100000Z,cap-app-0299,cap-corr-0299,application_state,56,1,false
2025-05-15T14:06:00.500000Z,cap-app-0299,cap-corr-0299-s,help_search,269,449,true
2025-05-15T14:23:01.100000Z,cap-app-0300,cap-corr-0300,application_state,42,1,false
2025-05-15T14:23:00.500000Z,cap-app-0300,cap-corr-0300-s,help_search,270,350,true
2025-05-16T09:00:01.100000Z,cap-app-0301,cap-corr-0301,application_state,43,1,false
2025-05-16T09:00:00.500000Z,cap-app-0301,cap-corr-0301-s,help_search,271,351,true
2025-05-16T09:17:01.100000Z,cap-app-0302,cap-corr-0302,application_state,44,1,false
2025-05-16T09:17:00.500000Z,cap-app-0302,cap-corr-0302-s,help_search,272,352,true
2025-05-16T09:34:01.100000Z,cap-app-0303,cap-corr-0303,application_state,45,1,false
2025-05-16T09:34:00.500000Z,cap-app-0303,cap-corr-0303-s,help_search,273,353,true
2025-05-16T09:51:01.100000Z,cap-app-0304,cap-corr-0304,application_state,46,1,false
2025-05-16T09:51:00.500000Z,cap-app-0304,cap-corr-0304-s,help_search,274,354,true
2025-05-16T10:08:01.100000Z,cap-app-0305,cap-corr-0305,application_state,47,1,false
2025-05-16T10:08:00.500000Z,cap-app-0305,cap-corr-0305-s,help_search,275,355,true
2025-05-16T10:25:01.100000Z,cap-app-0306,cap-corr-0306,application_state,48,1,false
2025-05-16T10:25:00.500000Z,cap-app-0306,cap-corr-0306-s,help_search,276,356,true
2025-05-16T10:42:01.100000Z,cap-app-0307,cap-corr-0307,application_state,49,1,false
2025-05-16T10:42:00.500000Z,cap-app-0307,cap-corr-0307-s,help_search,277,357,true
2025-05-16T10:59:01.100000Z,cap-app-0308,cap-corr-0308,application_state,50,1,false
2025-05-16T10:59:00.500000Z,cap-app-0308,cap-corr-0308-s,help_search,278,358,true
2025-05-16T11:16:01.100000Z,cap-app-0309,cap-corr-0309,application_state,51,1,false
2025-05-16T11:16:00.500000Z,cap-app-0309,cap-corr-0309-s,help_search,279,359,true
2025-05-16T11:33:01.100000Z,cap-app-0310,cap-corr-0310,application_state,52,1,false
2025-05-16T11:33:00.500000Z,cap-app-0310,cap-corr-0310-s,help_search,280,360,true
2025-05-16T11:50:01.100000Z,cap-app-0311,cap-corr-0311,application_state,53,1,false
2025-05-16T11:50:00.500000Z,cap-app-0311,cap-corr-0311-s,help_search,281,361,true
2025-05-16T12:07:01.100000Z,cap-app-0312,cap-corr-0312,application_state,54,1,false
2025-05-16T12:07:00.500000Z,cap-app-0312,cap-corr-0312-s,help_search,282,362,true
2025-05-16T12:24:01.100000Z,cap-app-0313,cap-corr-0313,application_state,55,1,false
2025-05-16T12:24:00.500000Z,cap-app-0313,cap-corr-0313-s,help_search,283,363,true
2025-05-16T12:41:01.100000Z,cap-app-0314,cap-corr-0314,application_state,56,1,false
2025-05-16T12:41:00.500000Z,cap-app-0314,cap-corr-0314-s,help_search,284,364,true
2025-05-16T12:58:01.100000Z,cap-app-0315,cap-corr-0315,application_state,42,1,false
2025-05-16T12:58:00.500000Z,cap-app-0315,cap-corr-0315-s,help_search,285,365,true
2025-05-16T13:15:01.100000Z,cap-app-0316,cap-corr-0316,application_state,43,1,false
2025-05-16T13:15:00.500000Z,cap-app-0316,cap-corr-0316-s,help_search,286,366,true
2025-05-16T13:32:01.100000Z,cap-app-0317,cap-corr-0317,application_state,44,1,false
2025-05-16T13:32:00.500000Z,cap-app-0317,cap-corr-0317-s,help_search,287,367,true
2025-05-16T13:49:01.100000Z,cap-app-0318,cap-corr-0318,application_state,45,1,false
2025-05-16T13:49:00.500000Z,cap-app-0318,cap-corr-0318-s,help_search,288,368,true
2025-05-16T14:06:01.100000Z,cap-app-0319,cap-corr-0319,application_state,46,1,false
2025-05-16T14:06:00.500000Z,cap-app-0319,cap-corr-0319-s,help_search,289,369,true
2025-05-16T14:23:01.100000Z,cap-app-0320,cap-corr-0320,application_state,47,1,false
2025-05-16T14:23:00.500000Z,cap-app-0320,cap-corr-0320-s,help_search,210,370,false
2025-05-17T09:00:01.100000Z,cap-app-0321,cap-corr-0321,application_state,48,1,false
2025-05-17T09:00:00.500000Z,cap-app-0321,cap-corr-0321-s,help_search,211,371,false
2025-05-17T09:17:01.100000Z,cap-app-0322,cap-corr-0322,application_state,49,1,false
2025-05-17T09:17:00.500000Z,cap-app-0322,cap-corr-0322-s,help_search,212,372,false
2025-05-17T09:34:01.100000Z,cap-app-0323,cap-corr-0323,application_state,50,1,false
2025-05-17T09:34:00.500000Z,cap-app-0323,cap-corr-0323-s,help_search,213,373,false
2025-05-17T09:51:01.100000Z,cap-app-0324,cap-corr-0324,application_state,51,1,false
2025-05-17T09:51:00.500000Z,cap-app-0324,cap-corr-0324-s,help_search,214,374,false
2025-05-17T10:08:01.100000Z,cap-app-0325,cap-corr-0325,application_state,52,1,false
2025-05-17T10:08:00.500000Z,cap-app-0325,cap-corr-0325-s,help_search,215,375,false
2025-05-17T10:25:01.100000Z,cap-app-0326,cap-corr-0326,application_state,53,1,false
2025-05-17T10:25:00.500000Z,cap-app-0326,cap-corr-0326-s,help_search,216,376,false
2025-05-17T10:42:01.100000Z,cap-app-0327,cap-corr-0327,application_state,54,1,false
2025-05-17T10:42:00.500000Z,cap-app-0327,cap-corr-0327-s,help_search,217,377,false
2025-05-17T10:59:01.100000Z,cap-app-0328,cap-corr-0328,application_state,55,1,false
2025-05-17T10:59:00.500000Z,cap-app-0328,cap-corr-0328-s,help_search,218,378,false
2025-05-17T11:16:01.100000Z,cap-app-0329,cap-corr-0329,application_state,56,1,false
2025-05-17T11:16:00.500000Z,cap-app-0329,cap-corr-0329-s,help_search,219,379,false
2025-05-17T11:33:01.100000Z,cap-app-0330,cap-corr-0330,application_state,42,1,false
2025-05-17T11:33:00.500000Z,cap-app-0330,cap-corr-0330-s,help_search,220,380,false
2025-05-17T11:50:01.100000Z,cap-app-0331,cap-corr-0331,application_state,43,1,false
2025-05-17T11:50:00.500000Z,cap-app-0331,cap-corr-0331-s,help_search,221,381,false
2025-05-17T12:07:01.100000Z,cap-app-0332,cap-corr-0332,application_state,44,1,false
2025-05-17T12:07:00.500000Z,cap-app-0332,cap-corr-0332-s,help_search,222,382,false
2025-05-17T12:24:01.100000Z,cap-app-0333,cap-corr-0333,application_state,45,1,false
2025-05-17T12:24:00.500000Z,cap-app-0333,cap-corr-0333-s,help_search,223,383,false
2025-05-17T12:41:01.100000Z,cap-app-0334,cap-corr-0334,application_state,46,1,false
2025-05-17T12:41:00.500000Z,cap-app-0334,cap-corr-0334-s,help_search,224,384,false
2025-05-17T12:58:01.100000Z,cap-app-0335,cap-corr-0335,application_state,47,1,false
2025-05-17T12:58:00.500000Z,cap-app-0335,cap-corr-0335-s,help_search,225,385,false
2025-05-17T13:15:01.100000Z,cap-app-0336,cap-corr-0336,application_state,48,1,false
2025-05-17T13:15:00.500000Z,cap-app-0336,cap-corr-0336-s,help_search,226,386,false
2025-05-17T13:32:01.100000Z,cap-app-0337,cap-corr-0337,application_state,49,1,false
2025-05-17T13:32:00.500000Z,cap-app-0337,cap-corr-0337-s,help_search,227,387,false
2025-05-17T13:49:01.100000Z,cap-app-0338,cap-corr-0338,application_state,50,1,false
2025-05-17T13:49:00.500000Z,cap-app-0338,cap-corr-0338-s,help_search,228,388,false
2025-05-17T14:06:01.100000Z,cap-app-0339,cap-corr-0339,application_state,51,1,false
2025-05-17T14:06:00.500000Z,cap-app-0339,cap-corr-0339-s,help_search,229,389,false
2025-05-17T14:23:01.100000Z,cap-app-0340,cap-corr-0340,application_state,52,1,false
2025-05-17T14:23:00.500000Z,cap-app-0340,cap-corr-0340-s,help_search,230,390,false
2025-05-18T09:00:01.100000Z,cap-app-0341,cap-corr-0341,application_state,53,1,false
2025-05-18T09:00:00.500000Z,cap-app-0341,cap-corr-0341-s,help_search,231,391,false
2025-05-18T09:17:01.100000Z,cap-app-0342,cap-corr-0342,application_state,54,1,false
2025-05-18T09:17:00.500000Z,cap-app-0342,cap-corr-0342-s,help_search,232,392,false
2025-05-18T09:34:01.100000Z,cap-app-0343,cap-corr-0343,application_state,55,1,false
2025-05-18T09:34:00.500000Z,cap-app-0343,cap-corr-0343-s,help_search,233,393,false
2025-05-18T09:51:01.100000Z,cap-app-0344,cap-corr-0344,application_state,56,1,false
2025-05-18T09:51:00.500000Z,cap-app-0344,cap-corr-0344-s,help_search,234,394,false
2025-05-18T10:08:01.100000Z,cap-app-0345,cap-corr-0345,application_state,42,1,false
2025-05-18T10:08:00.500000Z,cap-app-0345,cap-corr-0345-s,help_search,235,395,false
2025-05-18T10:25:01.100000Z,cap-app-0346,cap-corr-0346,application_state,43,1,false
2025-05-18T10:25:00.500000Z,cap-app-0346,cap-corr-0346-s,help_search,236,396,false
2025-05-18T10:42:01.100000Z,cap-app-0347,cap-corr-0347,application_state,44,1,false
2025-05-18T10:42:00.500000Z,cap-app-0347,cap-corr-0347-s,help_search,237,397,false
2025-05-18T10:59:01.100000Z,cap-app-0348,cap-corr-0348,application_state,45,1,false
2025-05-18T10:59:00.500000Z,cap-app-0348,cap-corr-0348-s,help_search,238,398,false
2025-05-18T11:16:01.100000Z,cap-app-0349,cap-corr-0349,application_state,46,1,false
2025-05-18T11:16:00.500000Z,cap-app-0349,cap-corr-0349-s,help_search,239,399,false
2025-05-18T11:33:01.100000Z,cap-app-0350,cap-corr-0350,application_state,47,1,false
2025-05-18T11:33:00.500000Z,cap-app-0350,cap-corr-0350-s,help_search,240,400,false
2025-05-18T11:50:01.100000Z,cap-app-0351,cap-corr-0351,application_state,48,1,false
2025-05-18T11:50:00.500000Z,cap-app-0351,cap-corr-0351-s,help_search,241,401,false
2025-05-18T12:07:01.100000Z,cap-app-0352,cap-corr-0352,application_state,49,1,false
2025-05-18T12:07:00.500000Z,cap-app-0352,cap-corr-0352-s,help_search,242,402,false
2025-05-18T12:24:01.100000Z,cap-app-0353,cap-corr-0353,application_state,50,1,false
2025-05-18T12:24:00.500000Z,cap-app-0353,cap-corr-0353-s,help_search,243,403,false
2025-05-18T12:41:01.100000Z,cap-app-0354,cap-corr-0354,application_state,51,1,false
2025-05-18T12:41:00.500000Z,cap-app-0354,cap-corr-0354-s,help_search,244,404,false
2025-05-18T12:58:01.100000Z,cap-app-0355,cap-corr-0355,application_state,52,1,false
2025-05-18T12:58:00.500000Z,cap-app-0355,cap-corr-0355-s,help_search,245,405,false
2025-05-18T13:15:01.100000Z,cap-app-0356,cap-corr-0356,application_state,53,1,false
2025-05-18T13:15:00.500000Z,cap-app-0356,cap-corr-0356-s,help_search,246,406,false
2025-05-18T13:32:01.100000Z,cap-app-0357,cap-corr-0357,application_state,54,1,false
2025-05-18T13:32:00.500000Z,cap-app-0357,cap-corr-0357-s,help_search,247,407,false
2025-05-18T13:49:01.100000Z,cap-app-0358,cap-corr-0358,application_state,55,1,false
2025-05-18T13:49:00.500000Z,cap-app-0358,cap-corr-0358-s,help_search,248,408,false
2025-05-18T14:06:01.100000Z,cap-app-0359,cap-corr-0359,application_state,56,1,false
2025-05-18T14:06:00.500000Z,cap-app-0359,cap-corr-0359-s,help_search,249,409,false
2025-05-18T14:23:01.100000Z,cap-app-0360,cap-corr-0360,application_state,42,1,false
2025-05-18T14:23:00.500000Z,cap-app-0360,cap-corr-0360-s,help_search,250,410,true
2025-05-19T09:00:01.100000Z,cap-app-0361,cap-corr-0361,application_state,43,1,false
2025-05-19T09:00:00.500000Z,cap-app-0361,cap-corr-0361-s,help_search,251,411,true
2025-05-19T09:17:01.100000Z,cap-app-0362,cap-corr-0362,application_state,44,1,false
2025-05-19T09:17:00.500000Z,cap-app-0362,cap-corr-0362-s,help_search,252,412,true
2025-05-19T09:34:01.100000Z,cap-app-0363,cap-corr-0363,application_state,45,1,false
2025-05-19T09:34:00.500000Z,cap-app-0363,cap-corr-0363-s,help_search,253,413,true
2025-05-19T09:51:01.100000Z,cap-app-0364,cap-corr-0364,application_state,46,1,false
2025-05-19T09:51:00.500000Z,cap-app-0364,cap-corr-0364-s,help_search,254,414,true
2025-05-19T10:08:01.100000Z,cap-app-0365,cap-corr-0365,application_state,47,1,false
2025-05-19T10:08:00.500000Z,cap-app-0365,cap-corr-0365-s,help_search,255,415,true
2025-05-19T10:25:01.100000Z,cap-app-0366,cap-corr-0366,application_state,48,1,false
2025-05-19T10:25:00.500000Z,cap-app-0366,cap-corr-0366-s,help_search,256,416,true
2025-05-19T10:42:01.100000Z,cap-app-0367,cap-corr-0367,application_state,49,1,false
2025-05-19T10:42:00.500000Z,cap-app-0367,cap-corr-0367-s,help_search,257,417,true
2025-05-19T10:59:01.100000Z,cap-app-0368,cap-corr-0368,application_state,50,1,false
2025-05-19T10:59:00.500000Z,cap-app-0368,cap-corr-0368-s,help_search,258,418,true
2025-05-19T11:16:01.100000Z,cap-app-0369,cap-corr-0369,application_state,51,1,false
2025-05-19T11:16:00.500000Z,cap-app-0369,cap-corr-0369-s,help_search,259,419,true
2025-05-19T11:33:01.100000Z,cap-app-0370,cap-corr-0370,application_state,52,1,false
2025-05-19T11:33:00.500000Z,cap-app-0370,cap-corr-0370-s,help_search,260,420,true
2025-05-19T11:50:01.100000Z,cap-app-0371,cap-corr-0371,application_state,53,1,false
2025-05-19T11:50:00.500000Z,cap-app-0371,cap-corr-0371-s,help_search,261,421,true
2025-05-19T12:07:01.100000Z,cap-app-0372,cap-corr-0372,application_state,54,1,false
2025-05-19T12:07:00.500000Z,cap-app-0372,cap-corr-0372-s,help_search,262,422,true
2025-05-19T12:24:01.100000Z,cap-app-0373,cap-corr-0373,application_state,55,1,false
2025-05-19T12:24:00.500000Z,cap-app-0373,cap-corr-0373-s,help_search,263,423,true
2025-05-19T12:41:01.100000Z,cap-app-0374,cap-corr-0374,application_state,56,1,false
2025-05-19T12:41:00.500000Z,cap-app-0374,cap-corr-0374-s,help_search,264,424,true
2025-05-19T12:58:01.100000Z,cap-app-0375,cap-corr-0375,application_state,42,1,false
2025-05-19T12:58:00.500000Z,cap-app-0375,cap-corr-0375-s,help_search,265,425,true
2025-05-19T13:15:01.100000Z,cap-app-0376,cap-corr-0376,application_state,43,1,false
2025-05-19T13:15:00.500000Z,cap-app-0376,cap-corr-0376-s,help_search,266,426,true
2025-05-19T13:32:01.100000Z,cap-app-0377,cap-corr-0377,application_state,44,1,false
2025-05-19T13:32:00.500000Z,cap-app-0377,cap-corr-0377-s,help_search,267,427,true
2025-05-19T13:49:01.100000Z,cap-app-0378,cap-corr-0378,application_state,45,1,false
2025-05-19T13:49:00.500000Z,cap-app-0378,cap-corr-0378-s,help_search,268,428,true
2025-05-19T14:06:01.100000Z,cap-app-0379,cap-corr-0379,application_state,46,1,false
2025-05-19T14:06:00.500000Z,cap-app-0379,cap-corr-0379-s,help_search,269,429,true
2025-05-19T14:23:01.100000Z,cap-app-0380,cap-corr-0380,application_state,47,1,false
2025-05-19T14:23:00.500000Z,cap-app-0380,cap-corr-0380-s,help_search,270,430,true
2025-05-20T09:00:01.100000Z,cap-app-0381,cap-corr-0381,application_state,48,1,false
2025-05-20T09:00:00.500000Z,cap-app-0381,cap-corr-0381-s,help_search,271,431,true
2025-05-20T09:17:01.100000Z,cap-app-0382,cap-corr-0382,application_state,49,1,false
2025-05-20T09:17:00.500000Z,cap-app-0382,cap-corr-0382-s,help_search,272,432,true
2025-05-20T09:34:01.100000Z,cap-app-0383,cap-corr-0383,application_state,50,1,false
2025-05-20T09:34:00.500000Z,cap-app-0383,cap-corr-0383-s,help_search,273,433,true
2025-05-20T09:51:01.100000Z,cap-app-0384,cap-corr-0384,application_state,51,1,false
2025-05-20T09:51:00.500000Z,cap-app-0384,cap-corr-0384-s,help_search,274,434,true
2025-05-20T10:08:01.100000Z,cap-app-0385,cap-corr-0385,application_state,52,1,false
2025-05-20T10:08:00.500000Z,cap-app-0385,cap-corr-0385-s,help_search,275,435,true
2025-05-20T10:25:01.100000Z,cap-app-0386,cap-corr-0386,application_state,53,1,false
2025-05-20T10:25:00.500000Z,cap-app-0386,cap-corr-0386-s,help_search,276,436,true
2025-05-20T10:42:01.100000Z,cap-app-0387,cap-corr-0387,application_state,54,1,false
2025-05-20T10:42:00.500000Z,cap-app-0387,cap-corr-0387-s,help_search,277,437,true
2025-05-20T10:59:01.100000Z,cap-app-0388,cap-corr-0388,application_state,55,1,false
2025-05-20T10:59:00.500000Z,cap-app-0388,cap-corr-0388-s,help_search,278,438,true
2025-05-20T11:16:01.100000Z,cap-app-0389,cap-corr-0389,application_state,56,1,false
2025-05-20T11:16:00.500000Z,cap-app-0389,cap-corr-0389-s,help_search,279,439,true
2025-05-20T11:33:01.100000Z,cap-app-0390,cap-corr-0390,application_state,42,1,false
2025-05-20T11:33:00.500000Z,cap-app-0390,cap-corr-0390-s,help_search,280,440,true
2025-05-20T11:50:01.100000Z,cap-app-0391,cap-corr-0391,application_state,43,1,false
2025-05-20T11:50:00.500000Z,cap-app-0391,cap-corr-0391-s,help_search,281,441,true
2025-05-20T12:07:01.100000Z,cap-app-0392,cap-corr-0392,application_state,44,1,false
2025-05-20T12:07:00.500000Z,cap-app-0392,cap-corr-0392-s,help_search,282,442,true
2025-05-20T12:24:01.100000Z,cap-app-0393,cap-corr-0393,application_state,45,1,false
2025-05-20T12:24:00.500000Z,cap-app-0393,cap-corr-0393-s,help_search,283,443,true
2025-05-20T12:41:01.100000Z,cap-app-0394,cap-corr-0394,application_state,46,1,false
2025-05-20T12:41:00.500000Z,cap-app-0394,cap-corr-0394-s,help_search,284,444,true
2025-05-20T12:58:01.100000Z,cap-app-0395,cap-corr-0395,application_state,47,1,false
2025-05-20T12:58:00.500000Z,cap-app-0395,cap-corr-0395-s,help_search,285,445,true
2025-05-20T13:15:01.100000Z,cap-app-0396,cap-corr-0396,application_state,48,1,false
2025-05-20T13:15:00.500000Z,cap-app-0396,cap-corr-0396-s,help_search,286,446,true
2025-05-20T13:32:01.100000Z,cap-app-0397,cap-corr-0397,application_state,49,1,false
2025-05-20T13:32:00.500000Z,cap-app-0397,cap-corr-0397-s,help_search,287,447,true
2025-05-20T13:49:01.100000Z,cap-app-0398,cap-corr-0398,application_state,50,1,false
2025-05-20T13:49:00.500000Z,cap-app-0398,cap-corr-0398-s,help_search,288,448,true
2025-05-20T14:06:01.100000Z,cap-app-0399,cap-corr-0399,application_state,51,1,false
2025-05-20T14:06:00.500000Z,cap-app-0399,cap-corr-0399-s,help_search,289,449,true
2025-05-20T14:23:01.100000Z,cap-app-0400,cap-corr-0400,application_state,52,1,false
2025-05-20T14:23:00.500000Z,cap-app-0400,cap-corr-0400-s,help_search,210,350,false
2025-05-21T09:00:01.100000Z,cap-app-0401,cap-corr-0401,application_state,53,1,false
2025-05-21T09:00:00.500000Z,cap-app-0401,cap-corr-0401-s,help_search,211,351,false
2025-05-21T09:17:01.100000Z,cap-app-0402,cap-corr-0402,application_state,54,1,false
2025-05-21T09:17:00.500000Z,cap-app-0402,cap-corr-0402-s,help_search,212,352,false
2025-05-21T09:34:01.100000Z,cap-app-0403,cap-corr-0403,application_state,55,1,false
2025-05-21T09:34:00.500000Z,cap-app-0403,cap-corr-0403-s,help_search,213,353,false
2025-05-21T09:51:01.100000Z,cap-app-0404,cap-corr-0404,application_state,56,1,false
2025-05-21T09:51:00.500000Z,cap-app-0404,cap-corr-0404-s,help_search,214,354,false
2025-05-21T10:08:01.100000Z,cap-app-0405,cap-corr-0405,application_state,42,1,false
2025-05-21T10:08:00.500000Z,cap-app-0405,cap-corr-0405-s,help_search,215,355,false
2025-05-21T10:25:01.100000Z,cap-app-0406,cap-corr-0406,application_state,43,1,false
2025-05-21T10:25:00.500000Z,cap-app-0406,cap-corr-0406-s,help_search,216,356,false
2025-05-21T10:42:01.100000Z,cap-app-0407,cap-corr-0407,application_state,44,1,false
2025-05-21T10:42:00.500000Z,cap-app-0407,cap-corr-0407-s,help_search,217,357,false
2025-05-21T10:59:01.100000Z,cap-app-0408,cap-corr-0408,application_state,45,1,false
2025-05-21T10:59:00.500000Z,cap-app-0408,cap-corr-0408-s,help_search,218,358,false
2025-05-21T11:16:01.100000Z,cap-app-0409,cap-corr-0409,application_state,46,1,false
2025-05-21T11:16:00.500000Z,cap-app-0409,cap-corr-0409-s,help_search,219,359,false
2025-05-21T11:33:01.100000Z,cap-app-0410,cap-corr-0410,application_state,47,1,false
2025-05-21T11:33:00.500000Z,cap-app-0410,cap-corr-0410-s,help_search,220,360,false
2025-05-21T11:50:01.100000Z,cap-app-0411,cap-corr-0411,application_state,48,1,false
2025-05-21T11:50:00.500000Z,cap-app-0411,cap-corr-0411-s,help_search,221,361,false
2025-05-21T12:07:01.100000Z,cap-app-0412,cap-corr-0412,application_state,49,1,false
2025-05-21T12:07:00.500000Z,cap-app-0412,cap-corr-0412-s,help_search,222,362,false
2025-05-21T12:24:01.100000Z,cap-app-0413,cap-corr-0413,application_state,50,1,false
2025-05-21T12:24:00.500000Z,cap-app-0413,cap-corr-0413-s,help_search,223,363,false
2025-05-21T12:41:01.100000Z,cap-app-0414,cap-corr-0414,application_state,51,1,false
2025-05-21T12:41:00.500000Z,cap-app-0414,cap-corr-0414-s,help_search,224,364,false
2025-05-21T12:58:01.100000Z,cap-app-0415,cap-corr-0415,application_state,52,1,false
2025-05-21T12:58:00.500000Z,cap-app-0415,cap-corr-0415-s,help_search,225,365,false
2025-05-21T13:15:01.100000Z,cap-app-0416,cap-corr-0416,application_state,53,1,false
2025-05-21T13:15:00.500000Z,cap-app-0416,cap-corr-0416-s,help_search,226,366,false
2025-05-21T13:32:01.100000Z,cap-app-0417,cap-corr-0417,application_state,54,1,false
2025-05-21T13:32:00.500000Z,cap-app-0417,cap-corr-0417-s,help_search,227,367,false
2025-05-21T13:49:01.100000Z,cap-app-0418,cap-corr-0418,application_state,55,1,false
2025-05-21T13:49:00.500000Z,cap-app-0418,cap-corr-0418-s,help_search,228,368,false
2025-05-21T14:06:01.100000Z,cap-app-0419,cap-corr-0419,application_state,56,1,false
2025-05-21T14:06:00.500000Z,cap-app-0419,cap-corr-0419-s,help_search,229,369,false
2025-05-21T14:23:01.100000Z,cap-app-0420,cap-corr-0420,application_state,42,1,false
2025-05-21T14:23:00.500000Z,cap-app-0420,cap-corr-0420-s,help_search,230,370,false
2025-05-22T09:00:01.100000Z,cap-app-0421,cap-corr-0421,application_state,43,1,false
2025-05-22T09:00:00.500000Z,cap-app-0421,cap-corr-0421-s,help_search,231,371,false
2025-05-22T09:17:01.100000Z,cap-app-0422,cap-corr-0422,application_state,44,1,false
2025-05-22T09:17:00.500000Z,cap-app-0422,cap-corr-0422-s,help_search,232,372,false
2025-05-22T09:34:01.100000Z,cap-app-0423,cap-corr-0423,application_state,45,1,false
2025-05-22T09:34:00.500000Z,cap-app-0423,cap-corr-0423-s,help_search,233,373,false
2025-05-22T09:51:01.100000Z,cap-app-0424,cap-corr-0424,application_state,46,1,false
2025-05-22T09:51:00.500000Z,cap-app-0424,cap-corr-0424-s,help_search,234,374,false
2025-05-22T10:08:01.100000Z,cap-app-0425,cap-corr-0425,application_state,47,1,false
2025-05-22T10:08:00.500000Z,cap-app-0425,cap-corr-0425-s,help_search,235,375,false
2025-05-22T10:25:01.100000Z,cap-app-0426,cap-corr-0426,application_state,48,1,false
2025-05-22T10:25:00.500000Z,cap-app-0426,cap-corr-0426-s,help_search,236,376,false
2025-05-22T10:42:01.100000Z,cap-app-0427,cap-corr-0427,application_state,49,1,false
2025-05-22T10:42:00.500000Z,cap-app-0427,cap-corr-0427-s,help_search,237,377,false
2025-05-22T10:59:01.100000Z,cap-app-0428,cap-corr-0428,application_state,50,1,false
2025-05-22T10:59:00.500000Z,cap-app-0428,cap-corr-0428-s,help_search,238,378,false
2025-05-22T11:16:01.100000Z,cap-app-0429,cap-corr-0429,application_state,51,1,false
2025-05-22T11:16:00.500000Z,cap-app-0429,cap-corr-0429-s,help_search,239,379,false
2025-05-22T11:33:01.100000Z,cap-app-0430,cap-corr-0430,application_state,52,1,false
2025-05-22T11:33:00.500000Z,cap-app-0430,cap-corr-0430-s,help_search,240,380,false
2025-05-22T11:50:01.100000Z,cap-app-0431,cap-corr-0431,application_state,53,1,false
2025-05-22T11:50:00.500000Z,cap-app-0431,cap-corr-0431-s,help_search,241,381,false
2025-05-22T12:07:01.100000Z,cap-app-0432,cap-corr-0432,application_state,54,1,false
2025-05-22T12:07:00.500000Z,cap-app-0432,cap-corr-0432-s,help_search,242,382,false
2025-05-22T12:24:01.100000Z,cap-app-0433,cap-corr-0433,application_state,55,1,false
2025-05-22T12:24:00.500000Z,cap-app-0433,cap-corr-0433-s,help_search,243,383,false
2025-05-22T12:41:01.100000Z,cap-app-0434,cap-corr-0434,application_state,56,1,false
2025-05-22T12:41:00.500000Z,cap-app-0434,cap-corr-0434-s,help_search,244,384,false
2025-05-22T12:58:01.100000Z,cap-app-0435,cap-corr-0435,application_state,42,1,false
2025-05-22T12:58:00.500000Z,cap-app-0435,cap-corr-0435-s,help_search,245,385,false
2025-05-22T13:15:01.100000Z,cap-app-0436,cap-corr-0436,application_state,43,1,false
2025-05-22T13:15:00.500000Z,cap-app-0436,cap-corr-0436-s,help_search,246,386,false
2025-05-22T13:32:01.100000Z,cap-app-0437,cap-corr-0437,application_state,44,1,false
2025-05-22T13:32:00.500000Z,cap-app-0437,cap-corr-0437-s,help_search,247,387,false
2025-05-22T13:49:01.100000Z,cap-app-0438,cap-corr-0438,application_state,45,1,false
2025-05-22T13:49:00.500000Z,cap-app-0438,cap-corr-0438-s,help_search,248,388,false
2025-05-22T14:06:01.100000Z,cap-app-0439,cap-corr-0439,application_state,46,1,false
2025-05-22T14:06:00.500000Z,cap-app-0439,cap-corr-0439-s,help_search,249,389,false
2025-05-22T14:23:01.100000Z,cap-app-0440,cap-corr-0440,application_state,47,1,false
2025-05-22T14:23:00.500000Z,cap-app-0440,cap-corr-0440-s,help_search,250,390,true
2025-05-23T09:00:01.100000Z,cap-app-0441,cap-corr-0441,application_state,48,1,false
2025-05-23T09:00:00.500000Z,cap-app-0441,cap-corr-0441-s,help_search,251,391,true
2025-05-23T09:17:01.100000Z,cap-app-0442,cap-corr-0442,application_state,49,1,false
2025-05-23T09:17:00.500000Z,cap-app-0442,cap-corr-0442-s,help_search,252,392,true
2025-05-23T09:34:01.100000Z,cap-app-0443,cap-corr-0443,application_state,50,1,false
2025-05-23T09:34:00.500000Z,cap-app-0443,cap-corr-0443-s,help_search,253,393,true
2025-05-23T09:51:01.100000Z,cap-app-0444,cap-corr-0444,application_state,51,1,false
2025-05-23T09:51:00.500000Z,cap-app-0444,cap-corr-0444-s,help_search,254,394,true
2025-05-23T10:08:01.100000Z,cap-app-0445,cap-corr-0445,application_state,52,1,false
2025-05-23T10:08:00.500000Z,cap-app-0445,cap-corr-0445-s,help_search,255,395,true
2025-05-23T10:25:01.100000Z,cap-app-0446,cap-corr-0446,application_state,53,1,false
2025-05-23T10:25:00.500000Z,cap-app-0446,cap-corr-0446-s,help_search,256,396,true
2025-05-23T10:42:01.100000Z,cap-app-0447,cap-corr-0447,application_state,54,1,false
2025-05-23T10:42:00.500000Z,cap-app-0447,cap-corr-0447-s,help_search,257,397,true
2025-05-23T10:59:01.100000Z,cap-app-0448,cap-corr-0448,application_state,55,1,false
2025-05-23T10:59:00.500000Z,cap-app-0448,cap-corr-0448-s,help_search,258,398,true
2025-05-23T11:16:01.100000Z,cap-app-0449,cap-corr-0449,application_state,56,1,false
2025-05-23T11:16:00.500000Z,cap-app-0449,cap-corr-0449-s,help_search,259,399,true
2025-05-23T11:33:01.100000Z,cap-app-0450,cap-corr-0450,application_state,42,1,false
2025-05-23T11:33:00.500000Z,cap-app-0450,cap-corr-0450-s,help_search,260,400,true
2025-05-23T11:50:01.100000Z,cap-app-0451,cap-corr-0451,application_state,43,1,false
2025-05-23T11:50:00.500000Z,cap-app-0451,cap-corr-0451-s,help_search,261,401,true
2025-05-23T12:07:01.100000Z,cap-app-0452,cap-corr-0452,application_state,44,1,false
2025-05-23T12:07:00.500000Z,cap-app-0452,cap-corr-0452-s,help_search,262,402,true
2025-05-23T12:24:01.100000Z,cap-app-0453,cap-corr-0453,application_state,45,1,false
2025-05-23T12:24:00.500000Z,cap-app-0453,cap-corr-0453-s,help_search,263,403,true
2025-05-23T12:41:01.100000Z,cap-app-0454,cap-corr-0454,application_state,46,1,false
2025-05-23T12:41:00.500000Z,cap-app-0454,cap-corr-0454-s,help_search,264,404,true
2025-05-23T12:58:01.100000Z,cap-app-0455,cap-corr-0455,application_state,47,1,false
2025-05-23T12:58:00.500000Z,cap-app-0455,cap-corr-0455-s,help_search,265,405,true
2025-05-23T13:15:01.100000Z,cap-app-0456,cap-corr-0456,application_state,48,1,false
2025-05-23T13:15:00.500000Z,cap-app-0456,cap-corr-0456-s,help_search,266,406,true
2025-05-23T13:32:01.100000Z,cap-app-0457,cap-corr-0457,application_state,49,1,false
2025-05-23T13:32:00.500000Z,cap-app-0457,cap-corr-0457-s,help_search,267,407,true
2025-05-23T13:49:01.100000Z,cap-app-0458,cap-corr-0458,application_state,50,1,false
2025-05-23T13:49:00.500000Z,cap-app-0458,cap-corr-0458-s,help_search,268,408,true
2025-05-23T14:06:01.100000Z,cap-app-0459,cap-corr-0459,application_state,51,1,false
2025-05-23T14:06:00.500000Z,cap-app-0459,cap-corr-0459-s,help_search,269,409,true
2025-05-23T14:23:01.100000Z,cap-app-0460,cap-corr-0460,application_state,52,1,false
2025-05-23T14:23:00.500000Z,cap-app-0460,cap-corr-0460-s,help_search,270,410,true
2025-05-24T09:00:01.100000Z,cap-app-0461,cap-corr-0461,application_state,53,1,false
2025-05-24T09:00:00.500000Z,cap-app-0461,cap-corr-0461-s,help_search,271,411,true
2025-05-24T09:17:01.100000Z,cap-app-0462,cap-corr-0462,application_state,54,1,false
2025-05-24T09:17:00.500000Z,cap-app-0462,cap-corr-0462-s,help_search,272,412,true
2025-05-24T09:34:01.100000Z,cap-app-0463,cap-corr-0463,application_state,55,1,false
2025-05-24T09:34:00.500000Z,cap-app-0463,cap-corr-0463-s,help_search,273,413,true
2025-05-24T09:51:01.100000Z,cap-app-0464,cap-corr-0464,application_state,56,1,false
2025-05-24T09:51:00.500000Z,cap-app-0464,cap-corr-0464-s,help_search,274,414,true
2025-05-24T10:08:01.100000Z,cap-app-0465,cap-corr-0465,application_state,42,1,false
2025-05-24T10:08:00.500000Z,cap-app-0465,cap-corr-0465-s,help_search,275,415,true
2025-05-24T10:25:01.100000Z,cap-app-0466,cap-corr-0466,application_state,43,1,false
2025-05-24T10:25:00.500000Z,cap-app-0466,cap-corr-0466-s,help_search,276,416,true
2025-05-24T10:42:01.100000Z,cap-app-0467,cap-corr-0467,application_state,44,1,false
2025-05-24T10:42:00.500000Z,cap-app-0467,cap-corr-0467-s,help_search,277,417,true
2025-05-24T10:59:01.100000Z,cap-app-0468,cap-corr-0468,application_state,45,1,false
2025-05-24T10:59:00.500000Z,cap-app-0468,cap-corr-0468-s,help_search,278,418,true
2025-05-24T11:16:01.100000Z,cap-app-0469,cap-corr-0469,application_state,46,1,false
2025-05-24T11:16:00.500000Z,cap-app-0469,cap-corr-0469-s,help_search,279,419,true
2025-05-24T11:33:01.100000Z,cap-app-0470,cap-corr-0470,application_state,47,1,false
2025-05-24T11:33:00.500000Z,cap-app-0470,cap-corr-0470-s,help_search,280,420,true
2025-05-24T11:50:01.100000Z,cap-app-0471,cap-corr-0471,application_state,48,1,false
2025-05-24T11:50:00.500000Z,cap-app-0471,cap-corr-0471-s,help_search,281,421,true
2025-05-24T12:07:01.100000Z,cap-app-0472,cap-corr-0472,application_state,49,1,false
2025-05-24T12:07:00.500000Z,cap-app-0472,cap-corr-0472-s,help_search,282,422,true
2025-05-24T12:24:01.100000Z,cap-app-0473,cap-corr-0473,application_state,50,1,false
2025-05-24T12:24:00.500000Z,cap-app-0473,cap-corr-0473-s,help_search,283,423,true
2025-05-24T12:41:01.100000Z,cap-app-0474,cap-corr-0474,application_state,51,1,false
2025-05-24T12:41:00.500000Z,cap-app-0474,cap-corr-0474-s,help_search,284,424,true
2025-05-24T12:58:01.100000Z,cap-app-0475,cap-corr-0475,application_state,52,1,false
2025-05-24T12:58:00.500000Z,cap-app-0475,cap-corr-0475-s,help_search,285,425,true
2025-05-24T13:15:01.100000Z,cap-app-0476,cap-corr-0476,application_state,53,1,false
2025-05-24T13:15:00.500000Z,cap-app-0476,cap-corr-0476-s,help_search,286,426,true
2025-05-24T13:32:01.100000Z,cap-app-0477,cap-corr-0477,application_state,54,1,false
2025-05-24T13:32:00.500000Z,cap-app-0477,cap-corr-0477-s,help_search,287,427,true
2025-05-24T13:49:01.100000Z,cap-app-0478,cap-corr-0478,application_state,55,1,false
2025-05-24T13:49:00.500000Z,cap-app-0478,cap-corr-0478-s,help_search,288,428,true
2025-05-24T14:06:01.100000Z,cap-app-0479,cap-corr-0479,application_state,56,1,false
2025-05-24T14:06:00.500000Z,cap-app-0479,cap-corr-0479-s,help_search,289,429,true
2025-05-24T14:23:01.100000Z,cap-app-0480,cap-corr-0480,application_state,42,1,false
2025-05-24T14:23:00.500000Z,cap-app-0480,cap-corr-0480-s,help_search,210,430,false
2025-05-25T09:00:01.100000Z,cap-app-0481,cap-corr-0481,application_state,43,1,false
2025-05-25T09:00:00.500000Z,cap-app-0481,cap-corr-0481-s,help_search,211,431,false
2025-05-25T09:17:01.100000Z,cap-app-0482,cap-corr-0482,application_state,44,1,false
2025-05-25T09:17:00.500000Z,cap-app-0482,cap-corr-0482-s,help_search,212,432,false
2025-05-25T09:34:01.100000Z,cap-app-0483,cap-corr-0483,application_state,45,1,false
2025-05-25T09:34:00.500000Z,cap-app-0483,cap-corr-0483-s,help_search,213,433,false
2025-05-25T09:51:01.100000Z,cap-app-0484,cap-corr-0484,application_state,46,1,false
2025-05-25T09:51:00.500000Z,cap-app-0484,cap-corr-0484-s,help_search,214,434,false
2025-05-25T10:08:01.100000Z,cap-app-0485,cap-corr-0485,application_state,47,1,false
2025-05-25T10:08:00.500000Z,cap-app-0485,cap-corr-0485-s,help_search,215,435,false
2025-05-25T10:25:01.100000Z,cap-app-0486,cap-corr-0486,application_state,48,1,false
2025-05-25T10:25:00.500000Z,cap-app-0486,cap-corr-0486-s,help_search,216,436,false
2025-05-25T10:42:01.100000Z,cap-app-0487,cap-corr-0487,application_state,49,1,false
2025-05-25T10:42:00.500000Z,cap-app-0487,cap-corr-0487-s,help_search,217,437,false
2025-05-25T10:59:01.100000Z,cap-app-0488,cap-corr-0488,application_state,50,1,false
2025-05-25T10:59:00.500000Z,cap-app-0488,cap-corr-0488-s,help_search,218,438,false
2025-05-25T11:16:01.100000Z,cap-app-0489,cap-corr-0489,application_state,51,1,false
2025-05-25T11:16:00.500000Z,cap-app-0489,cap-corr-0489-s,help_search,219,439,false
2025-05-25T11:33:01.100000Z,cap-app-0490,cap-corr-0490,application_state,52,1,false
2025-05-25T11:33:00.500000Z,cap-app-0490,cap-corr-0490-s,help_search,220,440,false
2025-05-25T11:50:01.100000Z,cap-app-0491,cap-corr-0491,application_state,53,1,false
2025-05-25T11:50:00.500000Z,cap-app-0491,cap-corr-0491-s,help_search,221,441,false
2025-05-25T12:07:01.100000Z,cap-app-0492,cap-corr-0492,application_state,54,1,false
2025-05-25T12:07:00.500000Z,cap-app-0492,cap-corr-0492-s,help_search,222,442,false
2025-05-25T12:24:01.100000Z,cap-app-0493,cap-corr-0493,application_state,55,1,false
2025-05-25T12:24:00.500000Z,cap-app-0493,cap-corr-0493-s,help_search,223,443,false
2025-05-25T12:41:01.100000Z,cap-app-0494,cap-corr-0494,application_state,56,1,false
2025-05-25T12:41:00.500000Z,cap-app-0494,cap-corr-0494-s,help_search,224,444,false
2025-05-25T12:58:01.100000Z,cap-app-0495,cap-corr-0495,application_state,42,1,false
2025-05-25T12:58:00.500000Z,cap-app-0495,cap-corr-0495-s,help_search,225,445,false
2025-05-25T13:15:01.100000Z,cap-app-0496,cap-corr-0496,application_state,43,1,false
2025-05-25T13:15:00.500000Z,cap-app-0496,cap-corr-0496-s,help_search,226,446,false
2025-05-25T13:32:01.100000Z,cap-app-0497,cap-corr-0497,application_state,44,1,false
2025-05-25T13:32:00.500000Z,cap-app-0497,cap-corr-0497-s,help_search,227,447,false
2025-05-25T13:49:01.100000Z,cap-app-0498,cap-corr-0498,application_state,45,1,false
2025-05-25T13:49:00.500000Z,cap-app-0498,cap-corr-0498-s,help_search,228,448,false
2025-05-25T14:06:01.100000Z,cap-app-0499,cap-corr-0499,application_state,46,1,false
2025-05-25T14:06:00.500000Z,cap-app-0499,cap-corr-0499-s,help_search,229,449,false
2025-05-25T14:23:01.100000Z,cap-app-0500,cap-corr-0500,application_state,47,1,false
2025-05-25T14:23:00.500000Z,cap-app-0500,cap-corr-0500-s,help_search,230,350,false
2025-05-26T09:00:01.100000Z,cap-app-0501,cap-corr-0501,application_state,48,1,false
2025-05-26T09:00:00.500000Z,cap-app-0501,cap-corr-0501-s,help_search,231,351,false
2025-05-26T09:17:01.100000Z,cap-app-0502,cap-corr-0502,application_state,49,1,false
2025-05-26T09:17:00.500000Z,cap-app-0502,cap-corr-0502-s,help_search,232,352,false
2025-05-26T09:34:01.100000Z,cap-app-0503,cap-corr-0503,application_state,50,1,false
2025-05-26T09:34:00.500000Z,cap-app-0503,cap-corr-0503-s,help_search,233,353,false
2025-05-26T09:51:01.100000Z,cap-app-0504,cap-corr-0504,application_state,51,1,false
2025-05-26T09:51:00.500000Z,cap-app-0504,cap-corr-0504-s,help_search,234,354,false
2025-05-26T10:08:01.100000Z,cap-app-0505,cap-corr-0505,application_state,52,1,false
2025-05-26T10:08:00.500000Z,cap-app-0505,cap-corr-0505-s,help_search,235,355,false
2025-05-26T10:25:01.100000Z,cap-app-0506,cap-corr-0506,application_state,53,1,false
2025-05-26T10:25:00.500000Z,cap-app-0506,cap-corr-0506-s,help_search,236,356,false
2025-05-26T10:42:01.100000Z,cap-app-0507,cap-corr-0507,application_state,54,1,false
2025-05-26T10:42:00.500000Z,cap-app-0507,cap-corr-0507-s,help_search,237,357,false
2025-05-26T10:59:01.100000Z,cap-app-0508,cap-corr-0508,application_state,55,1,false
2025-05-26T10:59:00.500000Z,cap-app-0508,cap-corr-0508-s,help_search,238,358,false
2025-05-26T11:16:01.100000Z,cap-app-0509,cap-corr-0509,application_state,56,1,false
2025-05-26T11:16:00.500000Z,cap-app-0509,cap-corr-0509-s,help_search,239,359,false
2025-05-26T11:33:01.100000Z,cap-app-0510,cap-corr-0510,application_state,42,1,false
2025-05-26T11:33:00.500000Z,cap-app-0510,cap-corr-0510-s,help_search,240,360,false
2025-05-26T11:50:01.100000Z,cap-app-0511,cap-corr-0511,application_state,43,1,false
2025-05-26T11:50:00.500000Z,cap-app-0511,cap-corr-0511-s,help_search,241,361,false
2025-05-26T12:07:01.100000Z,cap-app-0512,cap-corr-0512,application_state,44,1,false
2025-05-26T12:07:00.500000Z,cap-app-0512,cap-corr-0512-s,help_search,242,362,false
2025-05-26T12:24:01.100000Z,cap-app-0513,cap-corr-0513,application_state,45,1,false
2025-05-26T12:24:00.500000Z,cap-app-0513,cap-corr-0513-s,help_search,243,363,false
2025-05-26T12:41:01.100000Z,cap-app-0514,cap-corr-0514,application_state,46,1,false
2025-05-26T12:41:00.500000Z,cap-app-0514,cap-corr-0514-s,help_search,244,364,false
2025-05-26T12:58:01.100000Z,cap-app-0515,cap-corr-0515,application_state,47,1,false
2025-05-26T12:58:00.500000Z,cap-app-0515,cap-corr-0515-s,help_search,245,365,false
2025-05-26T13:15:01.100000Z,cap-app-0516,cap-corr-0516,application_state,48,1,false
2025-05-26T13:15:00.500000Z,cap-app-0516,cap-corr-0516-s,help_search,246,366,false
2025-05-26T13:32:01.100000Z,cap-app-0517,cap-corr-0517,application_state,49,1,false
2025-05-26T13:32:00.500000Z,cap-app-0517,cap-corr-0517-s,help_search,247,367,false
2025-05-26T13:49:01.100000Z,cap-app-0518,cap-corr-0518,application_state,50,1,false
2025-05-26T13:49:00.500000Z,cap-app-0518,cap-corr-0518-s,help_search,248,368,false
2025-05-26T14:06:01.100000Z,cap-app-0519,cap-corr-0519,application_state,51,1,false
2025-05-26T14:06:00.500000Z,cap-app-0519,cap-corr-0519-s,help_search,249,369,false
2025-05-26T14:23:01.100000Z,cap-app-0520,cap-corr-0520,application_state,52,1,false
2025-05-26T14:23:00.500000Z,cap-app-0520,cap-corr-0520-s,help_search,250,370,true
2025-05-27T09:00:01.100000Z,cap-app-0521,cap-corr-0521,application_state,53,1,false
2025-05-27T09:00:00.500000Z,cap-app-0521,cap-corr-0521-s,help_search,251,371,true
2025-05-27T09:17:01.100000Z,cap-app-0522,cap-corr-0522,application_state,54,1,false
2025-05-27T09:17:00.500000Z,cap-app-0522,cap-corr-0522-s,help_search,252,372,true
2025-05-27T09:34:01.100000Z,cap-app-0523,cap-corr-0523,application_state,55,1,false
2025-05-27T09:34:00.500000Z,cap-app-0523,cap-corr-0523-s,help_search,253,373,true
2025-05-27T09:51:01.100000Z,cap-app-0524,cap-corr-0524,application_state,56,1,false
2025-05-27T09:51:00.500000Z,cap-app-0524,cap-corr-0524-s,help_search,254,374,true
2025-05-27T10:08:01.100000Z,cap-app-0525,cap-corr-0525,application_state,42,1,false
2025-05-27T10:08:00.500000Z,cap-app-0525,cap-corr-0525-s,help_search,255,375,true
2025-05-27T10:25:01.100000Z,cap-app-0526,cap-corr-0526,application_state,43,1,false
2025-05-27T10:25:00.500000Z,cap-app-0526,cap-corr-0526-s,help_search,256,376,true
2025-05-27T10:42:01.100000Z,cap-app-0527,cap-corr-0527,application_state,44,1,false
2025-05-27T10:42:00.500000Z,cap-app-0527,cap-corr-0527-s,help_search,257,377,true
2025-05-27T10:59:01.100000Z,cap-app-0528,cap-corr-0528,application_state,45,1,false
2025-05-27T10:59:00.500000Z,cap-app-0528,cap-corr-0528-s,help_search,258,378,true
2025-05-27T11:16:01.100000Z,cap-app-0529,cap-corr-0529,application_state,46,1,false
2025-05-27T11:16:00.500000Z,cap-app-0529,cap-corr-0529-s,help_search,259,379,true
2025-05-27T11:33:01.100000Z,cap-app-0530,cap-corr-0530,application_state,47,1,false
2025-05-27T11:33:00.500000Z,cap-app-0530,cap-corr-0530-s,help_search,260,380,true
2025-05-27T11:50:01.100000Z,cap-app-0531,cap-corr-0531,application_state,48,1,false
2025-05-27T11:50:00.500000Z,cap-app-0531,cap-corr-0531-s,help_search,261,381,true
2025-05-27T12:07:01.100000Z,cap-app-0532,cap-corr-0532,application_state,49,1,false
2025-05-27T12:07:00.500000Z,cap-app-0532,cap-corr-0532-s,help_search,262,382,true
2025-05-27T12:24:01.100000Z,cap-app-0533,cap-corr-0533,application_state,50,1,false
2025-05-27T12:24:00.500000Z,cap-app-0533,cap-corr-0533-s,help_search,263,383,true
2025-05-27T12:41:01.100000Z,cap-app-0534,cap-corr-0534,application_state,51,1,false
2025-05-27T12:41:00.500000Z,cap-app-0534,cap-corr-0534-s,help_search,264,384,true
2025-05-27T12:58:01.100000Z,cap-app-0535,cap-corr-0535,application_state,52,1,false
2025-05-27T12:58:00.500000Z,cap-app-0535,cap-corr-0535-s,help_search,265,385,true
2025-05-27T13:15:01.100000Z,cap-app-0536,cap-corr-0536,application_state,53,1,false
2025-05-27T13:15:00.500000Z,cap-app-0536,cap-corr-0536-s,help_search,266,386,true
2025-05-27T13:32:01.100000Z,cap-app-0537,cap-corr-0537,application_state,54,1,false
2025-05-27T13:32:00.500000Z,cap-app-0537,cap-corr-0537-s,help_search,267,387,true
2025-05-27T13:49:01.100000Z,cap-app-0538,cap-corr-0538,application_state,55,1,false
2025-05-27T13:49:00.500000Z,cap-app-0538,cap-corr-0538-s,help_search,268,388,true
2025-05-27T14:06:01.100000Z,cap-app-0539,cap-corr-0539,application_state,56,1,false
2025-05-27T14:06:00.500000Z,cap-app-0539,cap-corr-0539-s,help_search,269,389,true
2025-05-27T14:23:01.100000Z,cap-app-0540,cap-corr-0540,application_state,42,1,false
2025-05-27T14:23:00.500000Z,cap-app-0540,cap-corr-0540-s,help_search,270,390,true
2025-05-28T09:00:01.100000Z,cap-app-0541,cap-corr-0541,application_state,43,1,false
2025-05-28T09:00:00.500000Z,cap-app-0541,cap-corr-0541-s,help_search,271,391,true
2025-05-28T09:17:01.100000Z,cap-app-0542,cap-corr-0542,application_state,44,1,false
2025-05-28T09:17:00.500000Z,cap-app-0542,cap-corr-0542-s,help_search,272,392,true
2025-05-28T09:34:01.100000Z,cap-app-0543,cap-corr-0543,application_state,45,1,false
2025-05-28T09:34:00.500000Z,cap-app-0543,cap-corr-0543-s,help_search,273,393,true
2025-05-28T09:51:01.100000Z,cap-app-0544,cap-corr-0544,application_state,46,1,false
2025-05-28T09:51:00.500000Z,cap-app-0544,cap-corr-0544-s,help_search,274,394,true
2025-05-28T10:08:01.100000Z,cap-app-0545,cap-corr-0545,application_state,47,1,false
2025-05-28T10:08:00.500000Z,cap-app-0545,cap-corr-0545-s,help_search,275,395,true
2025-05-28T10:25:01.100000Z,cap-app-0546,cap-corr-0546,application_state,48,1,false
2025-05-28T10:25:00.500000Z,cap-app-0546,cap-corr-0546-s,help_search,276,396,true
2025-05-28T10:42:01.100000Z,cap-app-0547,cap-corr-0547,application_state,49,1,false
2025-05-28T10:42:00.500000Z,cap-app-0547,cap-corr-0547-s,help_search,277,397,true
2025-05-28T10:59:01.100000Z,cap-app-0548,cap-corr-0548,application_state,50,1,false
2025-05-28T10:59:00.500000Z,cap-app-0548,cap-corr-0548-s,help_search,278,398,true
2025-05-28T11:16:01.100000Z,cap-app-0549,cap-corr-0549,application_state,51,1,false
2025-05-28T11:16:00.500000Z,cap-app-0549,cap-corr-0549-s,help_search,279,399,true
2025-05-28T11:33:01.100000Z,cap-app-0550,cap-corr-0550,application_state,52,1,false
2025-05-28T11:33:00.500000Z,cap-app-0550,cap-corr-0550-s,help_search,280,400,true
2025-05-28T11:50:01.100000Z,cap-app-0551,cap-corr-0551,application_state,53,1,false
2025-05-28T11:50:00.500000Z,cap-app-0551,cap-corr-0551-s,help_search,281,401,true
2025-05-28T12:07:01.100000Z,cap-app-0552,cap-corr-0552,application_state,54,1,false
2025-05-28T12:07:00.500000Z,cap-app-0552,cap-corr-0552-s,help_search,282,402,true
2025-05-28T12:24:01.100000Z,cap-app-0553,cap-corr-0553,application_state,55,1,false
2025-05-28T12:24:00.500000Z,cap-app-0553,cap-corr-0553-s,help_search,283,403,true
2025-05-28T12:41:01.100000Z,cap-app-0554,cap-corr-0554,application_state,56,1,false
2025-05-28T12:41:00.500000Z,cap-app-0554,cap-corr-0554-s,help_search,284,404,true
2025-05-28T12:58:01.100000Z,cap-app-0555,cap-corr-0555,application_state,42,1,false
2025-05-28T12:58:00.500000Z,cap-app-0555,cap-corr-0555-s,help_search,285,405,true
2025-05-28T13:15:01.100000Z,cap-app-0556,cap-corr-0556,application_state,43,1,false
2025-05-28T13:15:00.500000Z,cap-app-0556,cap-corr-0556-s,help_search,286,406,true
2025-05-28T13:32:01.100000Z,cap-app-0557,cap-corr-0557,application_state,44,1,false
2025-05-28T13:32:00.500000Z,cap-app-0557,cap-corr-0557-s,help_search,287,407,true
2025-05-28T13:49:01.100000Z,cap-app-0558,cap-corr-0558,application_state,45,1,false
2025-05-28T13:49:00.500000Z,cap-app-0558,cap-corr-0558-s,help_search,288,408,true
2025-05-28T14:06:01.100000Z,cap-app-0559,cap-corr-0559,application_state,46,1,false
2025-05-28T14:06:00.500000Z,cap-app-0559,cap-corr-0559-s,help_search,289,409,true
2025-05-28T14:23:01.100000Z,cap-app-0560,cap-corr-0560,application_state,47,1,false
2025-05-28T14:23:00.500000Z,cap-app-0560,cap-corr-0560-s,help_search,210,410,false
