timestamp,application_id,request_id,correlation_id,provider,operation,attempt,outcome,duration_ms
2025-05-01T09:00:01.350000Z,cap-app-0001,cap-req-0001,cap-corr-0001,Northstar Identity (fictional),verify_identity,1,success,625
2025-05-01T09:17:01.350000Z,cap-app-0002,cap-req-0002,cap-corr-0002,Northstar Identity (fictional),verify_identity,1,success,660
2025-05-01T09:34:01.350000Z,cap-app-0003,cap-req-0003,cap-corr-0003,Northstar Identity (fictional),verify_identity,1,success,695
2025-05-01T09:51:01.350000Z,cap-app-0004,cap-req-0004,cap-corr-0004,Northstar Identity (fictional),verify_identity,1,success,730
2025-05-01T10:08:01.350000Z,cap-app-0005,cap-req-0005,cap-corr-0005,Northstar Identity (fictional),verify_identity,1,success,765
2025-05-01T10:25:01.350000Z,cap-app-0006,cap-req-0006,cap-corr-0006,Northstar Identity (fictional),verify_identity,1,success,800
2025-05-01T10:42:01.350000Z,cap-app-0007,cap-req-0007,cap-corr-0007,Northstar Identity (fictional),verify_identity,1,success,590
2025-05-01T10:59:01.350000Z,cap-app-0008,cap-req-0008,cap-corr-0008,Northstar Identity (fictional),verify_identity,1,success,625
2025-05-01T11:16:01.350000Z,cap-app-0009,cap-req-0009,cap-corr-0009,Northstar Identity (fictional),verify_identity,1,success,660
2025-05-01T11:33:01.350000Z,cap-app-0010,cap-req-0010,cap-corr-0010,Northstar Identity (fictional),verify_identity,1,success,695
2025-05-01T11:50:01.350000Z,cap-app-0011,cap-req-0011,cap-corr-0011,Northstar Identity (fictional),verify_identity,1,success,730
2025-05-01T12:07:01.350000Z,cap-app-0012,cap-req-0012,cap-corr-0012,Northstar Identity (fictional),verify_identity,1,success,765
2025-05-01T12:24:01.350000Z,cap-app-0013,cap-req-0013,cap-corr-0013,Northstar Identity (fictional),verify_identity,1,success,800
2025-05-01T12:41:01.350000Z,cap-app-0014,cap-req-0014,cap-corr-0014,Northstar Identity (fictional),verify_identity,1,success,590
2025-05-01T12:58:01.350000Z,cap-app-0015,cap-req-0015,cap-corr-0015,Northstar Identity (fictional),verify_identity,1,success,625
2025-05-01T13:15:01.350000Z,cap-app-0016,cap-req-0016,cap-corr-0016,Northstar Identity (fictional),verify_identity,1,success,660
2025-05-01T13:32:01.350000Z,cap-app-0017,cap-req-0017,cap-corr-0017,Northstar Identity (fictional),verify_identity,1,success,695
2025-05-01T13:49:01.350000Z,cap-app-0018,cap-req-0018,cap-corr-0018,Northstar Identity (fictional),verify_identity,1,success,730
2025-05-01T14:06:01.350000Z,cap-app-0019,cap-req-0019,cap-corr-0019,Northstar Identity (fictional),verify_identity,1,declined,765
2025-05-01T14:23:01.350000Z,cap-app-0020,cap-req-0020,cap-corr-0020,Northstar Identity (fictional),verify_identity,1,success,800
2025-05-02T09:00:01.350000Z,cap-app-0021,cap-req-0021,cap-corr-0021,Northstar Identity (fictional),verify_identity,1,success,590
2025-05-02T09:17:01.350000Z,cap-app-0022,cap-req-0022,cap-corr-0022,Northstar Identity (fictional),verify_identity,1,success,625
2025-05-02T09:34:01.350000Z,cap-app-0023,cap-req-0023,cap-corr-0023,Northstar Identity (fictional),verify_identity,1,success,660
2025-05-02T09:51:01.350000Z,cap-app-0024,cap-req-0024,cap-corr-0024,Northstar Identity (fictional),verify_identity,1,success,695
2025-05-02T10:08:01.350000Z,cap-app-0025,cap-req-0025,cap-corr-0025,Northstar Identity (fictional),verify_identity,1,success,730
2025-05-02T10:25:01.350000Z,cap-app-0026,cap-req-0026,cap-corr-0026,Northstar Identity (fictional),verify_identity,1,success,765
2025-05-02T10:42:01.350000Z,cap-app-0027,cap-req-0027,cap-corr-0027,Northstar Identity (fictional),verify_identity,1,success,800
2025-05-02T10:59:01.350000Z,cap-app-0028,cap-req-0028,cap-corr-0028,Northstar Identity (fictional),verify_identity,1,success,590
2025-05-02T11:16:01.350000Z,cap-app-0029,cap-req-0029,cap-corr-0029,Northstar Identity (fictional),verify_identity,1,success,625
2025-05-02T11:33:01.350000Z,cap-app-0030,cap-req-0030,cap-corr-0030,Northstar Identity (fictional),verify_identity,1,success,660
2025-05-02T11:50:01.350000Z,cap-app-0031,cap-req-0031,cap-corr-0031,Northstar Identity (fictional),verify_identity,1,success,695
2025-05-02T12:07:01.350000Z,cap-app-0032,cap-req-0032,cap-corr-0032,Northstar Identity (fictional),verify_identity,1,success,730
2025-05-02T12:24:01.350000Z,cap-app-0033,cap-req-0033,cap-corr-0033,Northstar Identity (fictional),verify_identity,1,success,765
2025-05-02T12:41:01.350000Z,cap-app-0034,cap-req-0034,cap-corr-0034,Northstar Identity (fictional),verify_identity,1,success,800
2025-05-02T12:58:01.350000Z,cap-app-0035,cap-req-0035,cap-corr-0035,Northstar Identity (fictional),verify_identity,1,success,590
2025-05-02T13:15:01.350000Z,cap-app-0036,cap-req-0036,cap-corr-0036,Northstar Identity (fictional),verify_identity,1,success,625
2025-05-02T13:32:01.350000Z,cap-app-0037,cap-req-0037,cap-corr-0037,Northstar Identity (fictional),verify_identity,1,success,660
2025-05-02T13:49:01.350000Z,cap-app-0038,cap-req-0038,cap-corr-0038,Northstar Identity (fictional),verify_identity,1,declined,695
2025-05-02T14:06:01.350000Z,cap-app-0039,cap-req-0039,cap-corr-0039,Northstar Identity (fictional),verify_identity,1,success,730
2025-05-02T14:23:01.350000Z,cap-app-0040,cap-req-0040,cap-corr-0040,Northstar Identity (fictional),verify_identity,1,success,765
2025-05-03T09:00:01.350000Z,cap-app-0041,cap-req-0041,cap-corr-0041,Northstar Identity (fictional),verify_identity,1,success,800
2025-05-03T09:17:01.350000Z,cap-app-0042,cap-req-0042,cap-corr-0042,Northstar Identity (fictional),verify_identity,1,success,590
2025-05-03T09:34:01.350000Z,cap-app-0043,cap-req-0043,cap-corr-0043,Northstar Identity (fictional),verify_identity,1,success,625
2025-05-03T09:51:01.350000Z,cap-app-0044,cap-req-0044,cap-corr-0044,Northstar Identity (fictional),verify_identity,1,success,660
2025-05-03T10:08:01.350000Z,cap-app-0045,cap-req-0045,cap-corr-0045,Northstar Identity (fictional),verify_identity,1,success,695
2025-05-03T10:25:01.350000Z,cap-app-0046,cap-req-0046,cap-corr-0046,Northstar Identity (fictional),verify_identity,1,success,730
2025-05-03T10:42:01.350000Z,cap-app-0047,cap-req-0047,cap-corr-0047,Northstar Identity (fictional),verify_identity,1,success,765
2025-05-03T10:59:01.350000Z,cap-app-0048,cap-req-0048,cap-corr-0048,Northstar Identity (fictional),verify_identity,1,success,800
2025-05-03T11:16:01.350000Z,cap-app-0049,cap-req-0049,cap-corr-0049,Northstar Identity (fictional),verify_identity,1,success,590
2025-05-03T11:33:01.350000Z,cap-app-0050,cap-req-0050,cap-corr-0050,Northstar Identity (fictional),verify_identity,1,success,625
2025-05-03T11:50:01.350000Z,cap-app-0051,cap-req-0051,cap-corr-0051,Northstar Identity (fictional),verify_identity,1,success,660
2025-05-03T12:07:01.350000Z,cap-app-0052,cap-req-0052,cap-corr-0052,Northstar Identity (fictional),verify_identity,1,success,695
2025-05-03T12:24:01.350000Z,cap-app-0053,cap-req-0053,cap-corr-0053,Northstar Identity (fictional),verify_identity,1,success,730
2025-05-03T12:41:01.350000Z,cap-app-0054,cap-req-0054,cap-corr-0054,Northstar Identity (fictional),verify_identity,1,success,765
2025-05-03T12:58:01.350000Z,cap-app-0055,cap-req-0055,cap-corr-0055,Northstar Identity (fictional),verify_identity,1,success,800
2025-05-03T13:15:01.350000Z,cap-app-0056,cap-req-0056,cap-corr-0056,Northstar Identity (fictional),verify_identity,1,success,590
2025-05-03T13:32:01.350000Z,cap-app-0057,cap-req-0057,cap-corr-0057,Northstar Identity (fictional),verify_identity,1,declined,625
2025-05-03T13:49:01.350000Z,cap-app-0058,cap-req-0058,cap-corr-0058,Northstar Identity (fictional),verify_identity,1,success,660
2025-05-03T14:06:01.350000Z,cap-app-0059,cap-req-0059,cap-corr-0059,Northstar Identity (fictional),verify_identity,1,success,695
2025-05-03T14:23:01.350000Z,cap-app-0060,cap-req-0060,cap-corr-0060,Northstar Identity (fictional),verify_identity,1,success,730
2025-05-04T09:00:01.350000Z,cap-app-0061,cap-req-0061,cap-corr-0061,Northstar Identity (fictional),verify_identity,1,success,765
2025-05-04T09:17:01.350000Z,cap-app-0062,cap-req-0062,cap-corr-0062,Northstar Identity (fictional),verify_identity,1,success,800
2025-05-04T09:34:01.350000Z,cap-app-0063,cap-req-0063,cap-corr-0063,Northstar Identity (fictional),verify_identity,1,success,590
2025-05-04T09:51:01.350000Z,cap-app-0064,cap-req-0064,cap-corr-0064,Northstar Identity (fictional),verify_identity,1,success,625
2025-05-04T10:08:01.350000Z,cap-app-0065,cap-req-0065,cap-corr-0065,Northstar Identity (fictional),verify_identity,1,success,660
2025-05-04T10:25:01.350000Z,cap-app-0066,cap-req-0066,cap-corr-0066,Northstar Identity (fictional),verify_identity,1,success,695
2025-05-04T10:42:01.350000Z,cap-app-0067,cap-req-0067,cap-corr-0067,Northstar Identity (fictional),verify_identity,1,success,730
2025-05-04T10:59:01.350000Z,cap-app-0068,cap-req-0068,cap-corr-0068,Northstar Identity (fictional),verify_identity,1,success,765
2025-05-04T11:16:01.350000Z,cap-app-0069,cap-req-0069,cap-corr-0069,Northstar Identity (fictional),verify_identity,1,success,800
2025-05-04T11:33:01.350000Z,cap-app-0070,cap-req-0070,cap-corr-0070,Northstar Identity (fictional),verify_identity,1,success,590
2025-05-04T11:50:01.350000Z,cap-app-0071,cap-req-0071,cap-corr-0071,Northstar Identity (fictional),verify_identity,1,success,625
2025-05-04T12:07:01.350000Z,cap-app-0072,cap-req-0072,cap-corr-0072,Northstar Identity (fictional),verify_identity,1,success,660
2025-05-04T12:24:01.350000Z,cap-app-0073,cap-req-0073,cap-corr-0073,Northstar Identity (fictional),verify_identity,1,success,695
2025-05-04T12:41:01.350000Z,cap-app-0074,cap-req-0074,cap-corr-0074,Northstar Identity (fictional),verify_identity,1,success,730
2025-05-04T12:58:01.350000Z,cap-app-0075,cap-req-0075,cap-corr-0075,Northstar Identity (fictional),verify_identity,1,success,765
2025-05-04T13:15:01.350000Z,cap-app-0076,cap-req-0076,cap-corr-0076,Northstar Identity (fictional),verify_identity,1,declined,800
2025-05-04T13:32:01.350000Z,cap-app-0077,cap-req-0077,cap-corr-0077,Northstar Identity (fictional),verify_identity,1,success,590
2025-05-04T13:49:01.350000Z,cap-app-0078,cap-req-0078,cap-corr-0078,Northstar Identity (fictional),verify_identity,1,success,625
2025-05-04T14:06:01.350000Z,cap-app-0079,cap-req-0079,cap-corr-0079,Northstar Identity (fictional),verify_identity,1,success,660
2025-05-04T14:23:01.350000Z,cap-app-0080,cap-req-0080,cap-corr-0080,Northstar Identity (fictional),verify_identity,1,success,695
2025-05-05T09:00:01.350000Z,cap-app-0081,cap-req-0081,cap-corr-0081,Northstar Identity (fictional),verify_identity,1,success,730
2025-05-05T09:17:01.350000Z,cap-app-0082,cap-req-0082,cap-corr-0082,Northstar Identity (fictional),verify_identity,1,success,765
2025-05-05T09:34:01.350000Z,cap-app-0083,cap-req-0083,cap-corr-0083,Northstar Identity (fictional),verify_identity,1,success,800
2025-05-05T09:51:01.350000Z,cap-app-0084,cap-req-0084,cap-corr-0084,Northstar Identity (fictional),verify_identity,1,success,590
2025-05-05T10:08:01.350000Z,cap-app-0085,cap-req-0085,cap-corr-0085,Northstar Identity (fictional),verify_identity,1,success,625
2025-05-05T10:25:01.350000Z,cap-app-0086,cap-req-0086,cap-corr-0086,Northstar Identity (fictional),verify_identity,1,success,660
2025-05-05T10:42:01.350000Z,cap-app-0087,cap-req-0087,cap-corr-0087,Northstar Identity (fictional),verify_identity,1,success,695
2025-05-05T10:59:01.350000Z,cap-app-0088,cap-req-0088,cap-corr-0088,Northstar Identity (fictional),verify_identity,1,success,730
2025-05-05T11:16:01.350000Z,cap-app-0089,cap-req-0089,cap-corr-0089,Northstar Identity (fictional),verify_identity,1,success,765
2025-05-05T11:33:01.350000Z,cap-app-0090,cap-req-0090,cap-corr-0090,Northstar Identity (fictional),verify_identity,1,success,800
2025-05-05T11:50:01.350000Z,cap-app-0091,cap-req-0091,cap-corr-0091,Northstar Identity (fictional),verify_identity,1,success,590
2025-05-05T12:07:01.350000Z,cap-app-0092,cap-req-0092,cap-corr-0092,Northstar Identity (fictional),verify_identity,1,success,625
2025-05-05T12:24:01.350000Z,cap-app-0093,cap-req-0093,cap-corr-0093,Northstar Identity (fictional),verify_identity,1,success,660
2025-05-05T12:41:01.350000Z,cap-app-0094,cap-req-0094,cap-corr-0094,Northstar Identity (fictional),verify_identity,1,success,695
2025-05-05T12:58:01.350000Z,cap-app-0095,cap-req-0095,cap-corr-0095,Northstar Identity (fictional),verify_identity,1,declined,730
2025-05-05T13:15:01.350000Z,cap-app-0096,cap-req-0096,cap-corr-0096,Northstar Identity (fictional),verify_identity,1,success,765
2025-05-05T13:32:01.350000Z,cap-app-0097,cap-req-0097,cap-corr-0097,Northstar Identity (fictional),verify_identity,1,success,800
2025-05-05T13:49:01.350000Z,cap-app-0098,cap-req-0098,cap-corr-0098,Northstar Identity (fictional),verify_identity,1,success,590
2025-05-05T14:06:01.350000Z,cap-app-0099,cap-req-0099,cap-corr-0099,Northstar Identity (fictional),verify_identity,1,success,625
2025-05-05T14:23:01.350000Z,cap-app-0100,cap-req-0100,cap-corr-0100,Northstar Identity (fictional),verify_identity,1,success,660
2025-05-06T09:00:01.350000Z,cap-app-0101,cap-req-0101,cap-corr-0101,Northstar Identity (fictional),verify_identity,1,success,695
2025-05-06T09:17:01.350000Z,cap-app-0102,cap-req-0102,cap-corr-0102,Northstar Identity (fictional),verify_identity,1,success,730
2025-05-06T09:34:01.350000Z,cap-app-0103,cap-req-0103,cap-corr-0103,Northstar Identity (fictional),verify_identity,1,success,765
2025-05-06T09:51:01.350000Z,cap-app-0104,cap-req-0104,cap-corr-0104,Northstar Identity (fictional),verify_identity,1,success,800
2025-05-06T10:08:01.350000Z,cap-app-0105,cap-req-0105,cap-corr-0105,Northstar Identity (fictional),verify_identity,1,success,590
2025-05-06T10:25:01.350000Z,cap-app-0106,cap-req-0106,cap-corr-0106,Northstar Identity (fictional),verify_identity,1,success,625
2025-05-06T10:42:01.350000Z,cap-app-0107,cap-req-0107,cap-corr-0107,Northstar Identity (fictional),verify_identity,1,success,660
2025-05-06T10:59:01.350000Z,cap-app-0108,cap-req-0108,cap-corr-0108,Northstar Identity (fictional),verify_identity,1,success,695
2025-05-06T11:16:01.350000Z,cap-app-0109,cap-req-0109,cap-corr-0109,Northstar Identity (fictional),verify_identity,1,success,730
2025-05-06T11:33:01.350000Z,cap-app-0110,cap-req-0110,cap-corr-0110,Northstar Identity (fictional),verify_identity,1,success,765
2025-05-06T11:50:01.350000Z,cap-app-0111,cap-req-0111,cap-corr-0111,Northstar Identity (fictional),verify_identity,1,success,800
2025-05-06T12:07:01.350000Z,cap-app-0112,cap-req-0112,cap-corr-0112,Northstar Identity (fictional),verify_identity,1,success,590
2025-05-06T12:24:01.350000Z,cap-app-0113,cap-req-0113,cap-corr-0113,Northstar Identity (fictional),verify_identity,1,success,625
2025-05-06T12:41:01.350000Z,cap-app-0114,cap-req-0114,cap-corr-0114,Northstar Identity (fictional),verify_identity,1,declined,660
2025-05-06T12:58:01.350000Z,cap-app-0115,cap-req-0115,cap-corr-0115,Northstar Identity (fictional),verify_identity,1,success,695
2025-05-06T13:15:01.350000Z,cap-app-0116,cap-req-0116,cap-corr-0116,Northstar Identity (fictional),verify_identity,1,success,730
2025-05-06T13:32:01.350000Z,cap-app-0117,cap-req-0117,cap-corr-0117,Northstar Identity (fictional),verify_identity,1,success,765
2025-05-06T13:49:01.350000Z,cap-app-0118,cap-req-0118,cap-corr-0118,Northstar Identity (fictional),verify_identity,1,success,800
2025-05-06T14:06:01.350000Z,cap-app-0119,cap-req-0119,cap-corr-0119,Northstar Identity (fictional),verify_identity,1,success,590
2025-05-06T14:23:01.350000Z,cap-app-0120,cap-req-0120,cap-corr-0120,Northstar Identity (fictional),verify_identity,1,success,625
2025-05-07T09:00:01.350000Z,cap-app-0121,cap-req-0121,cap-corr-0121,Northstar Identity (fictional),verify_identity,1,success,660
2025-05-07T09:17:01.350000Z,cap-app-0122,cap-req-0122,cap-corr-0122,Northstar Identity (fictional),verify_identity,1,success,695
2025-05-07T09:34:01.350000Z,cap-app-0123,cap-req-0123,cap-corr-0123,Northstar Identity (fictional),verify_identity,1,success,730
2025-05-07T09:51:01.350000Z,cap-app-0124,cap-req-0124,cap-corr-0124,Northstar Identity (fictional),verify_identity,1,success,765
2025-05-07T10:08:01.350000Z,cap-app-0125,cap-req-0125,cap-corr-0125,Northstar Identity (fictional),verify_identity,1,success,800
2025-05-07T10:25:01.350000Z,cap-app-0126,cap-req-0126,cap-corr-0126,Northstar Identity (fictional),verify_identity,1,success,590
2025-05-07T10:42:01.350000Z,cap-app-0127,cap-req-0127,cap-corr-0127,Northstar Identity (fictional),verify_identity,1,success,625
2025-05-07T10:59:01.350000Z,cap-app-0128,cap-req-0128,cap-corr-0128,Northstar Identity (fictional),verify_identity,1,success,660
2025-05-07T11:16:01.350000Z,cap-app-0129,cap-req-0129,cap-corr-0129,Northstar Identity (fictional),verify_identity,1,success,695
2025-05-07T11:33:01.350000Z,cap-app-0130,cap-req-0130,cap-corr-0130,Northstar Identity (fictional),verify_identity,1,success,730
2025-05-07T11:50:01.350000Z,cap-app-0131,cap-req-0131,cap-corr-0131,Northstar Identity (fictional),verify_identity,1,success,765
2025-05-07T12:07:01.350000Z,cap-app-0132,cap-req-0132,cap-corr-0132,Northstar Identity (fictional),verify_identity,1,success,800
2025-05-07T12:24:01.350000Z,cap-app-0133,cap-req-0133,cap-corr-0133,Northstar Identity (fictional),verify_identity,1,declined,590
2025-05-07T12:41:01.350000Z,cap-app-0134,cap-req-0134,cap-corr-0134,Northstar Identity (fictional),verify_identity,1,success,625
2025-05-07T12:58:01.350000Z,cap-app-0135,cap-req-0135,cap-corr-0135,Northstar Identity (fictional),verify_identity,1,success,660
2025-05-07T13:15:01.350000Z,cap-app-0136,cap-req-0136,cap-corr-0136,Northstar Identity (fictional),verify_identity,1,success,695
2025-05-07T13:32:01.350000Z,cap-app-0137,cap-req-0137,cap-corr-0137,Northstar Identity (fictional),verify_identity,1,success,730
2025-05-07T13:49:01.350000Z,cap-app-0138,cap-req-0138,cap-corr-0138,Northstar Identity (fictional),verify_identity,1,success,765
2025-05-07T14:06:01.350000Z,cap-app-0139,cap-req-0139,cap-corr-0139,Northstar Identity (fictional),verify_identity,1,success,800
2025-05-07T14:23:01.350000Z,cap-app-0140,cap-req-0140,cap-corr-0140,Northstar Identity (fictional),verify_identity,1,success,590
2025-05-08T09:00:01.350000Z,cap-app-0141,cap-req-0141,cap-corr-0141,Northstar Identity (fictional),verify_identity,1,success,625
2025-05-08T09:17:01.350000Z,cap-app-0142,cap-req-0142,cap-corr-0142,Northstar Identity (fictional),verify_identity,1,success,660
2025-05-08T09:34:01.350000Z,cap-app-0143,cap-req-0143,cap-corr-0143,Northstar Identity (fictional),verify_identity,1,success,695
2025-05-08T09:51:01.350000Z,cap-app-0144,cap-req-0144,cap-corr-0144,Northstar Identity (fictional),verify_identity,1,success,730
2025-05-08T10:08:01.350000Z,cap-app-0145,cap-req-0145,cap-corr-0145,Northstar Identity (fictional),verify_identity,1,success,765
2025-05-08T10:25:01.350000Z,cap-app-0146,cap-req-0146,cap-corr-0146,Northstar Identity (fictional),verify_identity,1,success,800
2025-05-08T10:42:01.350000Z,cap-app-0147,cap-req-0147,cap-corr-0147,Northstar Identity (fictional),verify_identity,1,success,590
2025-05-08T10:59:01.350000Z,cap-app-0148,cap-req-0148,cap-corr-0148,Northstar Identity (fictional),verify_identity,1,success,625
2025-05-08T11:16:01.350000Z,cap-app-0149,cap-req-0149,cap-corr-0149,Northstar Identity (fictional),verify_identity,1,success,660
2025-05-08T11:33:01.350000Z,cap-app-0150,cap-req-0150,cap-corr-0150,Northstar Identity (fictional),verify_identity,1,success,695
2025-05-08T11:50:01.350000Z,cap-app-0151,cap-req-0151,cap-corr-0151,Northstar Identity (fictional),verify_identity,1,success,730
2025-05-08T12:07:01.350000Z,cap-app-0152,cap-req-0152,cap-corr-0152,Northstar Identity (fictional),verify_identity,1,declined,765
2025-05-08T12:24:01.350000Z,cap-app-0153,cap-req-0153,cap-corr-0153,Northstar Identity (fictional),verify_identity,1,success,800
2025-05-08T12:41:01.350000Z,cap-app-0154,cap-req-0154,cap-corr-0154,Northstar Identity (fictional),verify_identity,1,success,590
2025-05-08T12:58:01.350000Z,cap-app-0155,cap-req-0155,cap-corr-0155,Northstar Identity (fictional),verify_identity,1,success,625
2025-05-08T13:15:01.350000Z,cap-app-0156,cap-req-0156,cap-corr-0156,Northstar Identity (fictional),verify_identity,1,success,660
2025-05-08T13:32:01.350000Z,cap-app-0157,cap-req-0157,cap-corr-0157,Northstar Identity (fictional),verify_identity,1,success,695
2025-05-08T13:49:01.350000Z,cap-app-0158,cap-req-0158,cap-corr-0158,Northstar Identity (fictional),verify_identity,1,success,730
2025-05-08T14:06:01.350000Z,cap-app-0159,cap-req-0159,cap-corr-0159,Northstar Identity (fictional),verify_identity,1,success,765
2025-05-08T14:23:01.350000Z,cap-app-0160,cap-req-0160,cap-corr-0160,Northstar Identity (fictional),verify_identity,1,success,800
2025-05-09T09:00:01.350000Z,cap-app-0161,cap-req-0161,cap-corr-0161,Northstar Identity (fictional),verify_identity,1,success,590
2025-05-09T09:17:01.350000Z,cap-app-0162,cap-req-0162,cap-corr-0162,Northstar Identity (fictional),verify_identity,1,success,625
2025-05-09T09:34:01.350000Z,cap-app-0163,cap-req-0163,cap-corr-0163,Northstar Identity (fictional),verify_identity,1,success,660
2025-05-09T09:51:01.350000Z,cap-app-0164,cap-req-0164,cap-corr-0164,Northstar Identity (fictional),verify_identity,1,success,695
2025-05-09T10:08:01.350000Z,cap-app-0165,cap-req-0165,cap-corr-0165,Northstar Identity (fictional),verify_identity,1,success,730
2025-05-09T10:25:01.350000Z,cap-app-0166,cap-req-0166,cap-corr-0166,Northstar Identity (fictional),verify_identity,1,success,765
2025-05-09T10:42:01.350000Z,cap-app-0167,cap-req-0167,cap-corr-0167,Northstar Identity (fictional),verify_identity,1,success,800
2025-05-09T10:59:01.350000Z,cap-app-0168,cap-req-0168,cap-corr-0168,Northstar Identity (fictional),verify_identity,1,success,590
2025-05-09T11:16:01.350000Z,cap-app-0169,cap-req-0169,cap-corr-0169,Northstar Identity (fictional),verify_identity,1,success,625
2025-05-09T11:33:01.350000Z,cap-app-0170,cap-req-0170,cap-corr-0170,Northstar Identity (fictional),verify_identity,1,success,660
2025-05-09T11:50:01.350000Z,cap-app-0171,cap-req-0171,cap-corr-0171,Northstar Identity (fictional),verify_identity,1,declined,695
2025-05-09T12:07:01.350000Z,cap-app-0172,cap-req-0172,cap-corr-0172,Northstar Identity (fictional),verify_identity,1,success,730
2025-05-09T12:24:01.350000Z,cap-app-0173,cap-req-0173,cap-corr-0173,Northstar Identity (fictional),verify_identity,1,success,765
2025-05-09T12:41:01.350000Z,cap-app-0174,cap-req-0174,cap-corr-0174,Northstar Identity (fictional),verify_identity,1,success,800
2025-05-09T12:58:01.350000Z,cap-app-0175,cap-req-0175,cap-corr-0175,Northstar Identity (fictional),verify_identity,1,success,590
2025-05-09T13:15:01.350000Z,cap-app-0176,cap-req-0176,cap-corr-0176,Northstar Identity (fictional),verify_identity,1,success,625
2025-05-09T13:32:01.350000Z,cap-app-0177,cap-req-0177,cap-corr-0177,Northstar Identity (fictional),verify_identity,1,success,660
2025-05-09T13:49:01.350000Z,cap-app-0178,cap-req-0178,cap-corr-0178,Northstar Identity (fictional),verify_identity,1,success,695
2025-05-09T14:06:01.350000Z,cap-app-0179,cap-req-0179,cap-corr-0179,Northstar Identity (fictional),verify_identity,1,success,730
2025-05-09T14:23:01.350000Z,cap-app-0180,cap-req-0180,cap-corr-0180,Northstar Identity (fictional),verify_identity,1,success,765
2025-05-10T09:00:01.350000Z,cap-app-0181,cap-req-0181,cap-corr-0181,Northstar Identity (fictional),verify_identity,1,success,800
2025-05-10T09:17:01.350000Z,cap-app-0182,cap-req-0182,cap-corr-0182,Northstar Identity (fictional),verify_identity,1,success,590
2025-05-10T09:34:01.350000Z,cap-app-0183,cap-req-0183,cap-corr-0183,Northstar Identity (fictional),verify_identity,1,success,625
2025-05-10T09:51:01.350000Z,cap-app-0184,cap-req-0184,cap-corr-0184,Northstar Identity (fictional),verify_identity,1,success,660
2025-05-10T10:08:01.350000Z,cap-app-0185,cap-req-0185,cap-corr-0185,Northstar Identity (fictional),verify_identity,1,success,695
2025-05-10T10:25:01.350000Z,cap-app-0186,cap-req-0186,cap-corr-0186,Northstar Identity (fictional),verify_identity,1,success,730
2025-05-10T10:42:01.350000Z,cap-app-0187,cap-req-0187,cap-corr-0187,Northstar Identity (fictional),verify_identity,1,success,765
2025-05-10T10:59:01.350000Z,cap-app-0188,cap-req-0188,cap-corr-0188,Northstar Identity (fictional),verify_identity,1,success,800
2025-05-10T11:16:01.350000Z,cap-app-0189,cap-req-0189,cap-corr-0189,Northstar Identity (fictional),verify_identity,1,success,590
2025-05-10T11:33:01.350000Z,cap-app-0190,cap-req-0190,cap-corr-0190,Northstar Identity (fictional),verify_identity,1,declined,625
2025-05-10T11:50:01.350000Z,cap-app-0191,cap-req-0191,cap-corr-0191,Northstar Identity (fictional),verify_identity,1,success,660
2025-05-10T12:07:01.350000Z,cap-app-0192,cap-req-0192,cap-corr-0192,Northstar Identity (fictional),verify_identity,1,success,695
2025-05-10T12:24:01.350000Z,cap-app-0193,cap-req-0193,cap-corr-0193,Northstar Identity (fictional),verify_identity,1,success,730
2025-05-10T12:41:01.350000Z,cap-app-0194,cap-req-0194,cap-corr-0194,Northstar Identity (fictional),verify_identity,1,success,765
2025-05-10T12:58:01.350000Z,cap-app-0195,cap-req-0195,cap-corr-0195,Northstar Identity (fictional),verify_identity,1,success,800
2025-05-10T13:15:01.350000Z,cap-app-0196,cap-req-0196,cap-corr-0196,Northstar Identity (fictional),verify_identity,1,success,590
2025-05-10T13:32:01.350000Z,cap-app-0197,cap-req-0197,cap-corr-0197,Northstar Identity (fictional),verify_identity,1,success,625
2025-05-10T13:49:01.350000Z,cap-app-0198,cap-req-0198,cap-corr-0198,Northstar Identity (fictional),verify_identity,1,success,660
2025-05-10T14:06:01.350000Z,cap-app-0199,cap-req-0199,cap-corr-0199,Northstar Identity (fictional),verify_identity,1,success,695
2025-05-10T14:23:01.350000Z,cap-app-0200,cap-req-0200,cap-corr-0200,Northstar Identity (fictional),verify_identity,1,success,730
2025-05-11T09:00:01.350000Z,cap-app-0201,cap-req-0201,cap-corr-0201,Northstar Identity (fictional),verify_identity,1,success,765
2025-05-11T09:17:01.350000Z,cap-app-0202,cap-req-0202,cap-corr-0202,Northstar Identity (fictional),verify_identity,1,success,800
2025-05-11T09:34:01.350000Z,cap-app-0203,cap-req-0203,cap-corr-0203,Northstar Identity (fictional),verify_identity,1,success,590
2025-05-11T09:51:01.350000Z,cap-app-0204,cap-req-0204,cap-corr-0204,Northstar Identity (fictional),verify_identity,1,success,625
2025-05-11T10:08:01.350000Z,cap-app-0205,cap-req-0205,cap-corr-0205,Northstar Identity (fictional),verify_identity,1,success,660
2025-05-11T10:25:01.350000Z,cap-app-0206,cap-req-0206,cap-corr-0206,Northstar Identity (fictional),verify_identity,1,success,695
2025-05-11T10:42:01.350000Z,cap-app-0207,cap-req-0207,cap-corr-0207,Northstar Identity (fictional),verify_identity,1,success,730
2025-05-11T10:59:01.350000Z,cap-app-0208,cap-req-0208,cap-corr-0208,Northstar Identity (fictional),verify_identity,1,success,765
2025-05-11T11:16:01.350000Z,cap-app-0209,cap-req-0209,cap-corr-0209,Northstar Identity (fictional),verify_identity,1,declined,800
2025-05-11T11:33:01.350000Z,cap-app-0210,cap-req-0210,cap-corr-0210,Northstar Identity (fictional),verify_identity,1,success,590
2025-05-11T11:50:01.350000Z,cap-app-0211,cap-req-0211,cap-corr-0211,Northstar Identity (fictional),verify_identity,1,success,625
2025-05-11T12:07:01.350000Z,cap-app-0212,cap-req-0212,cap-corr-0212,Northstar Identity (fictional),verify_identity,1,success,660
2025-05-11T12:24:01.350000Z,cap-app-0213,cap-req-0213,cap-corr-0213,Northstar Identity (fictional),verify_identity,1,success,695
2025-05-11T12:41:01.350000Z,cap-app-0214,cap-req-0214,cap-corr-0214,Northstar Identity (fictional),verify_identity,1,success,730
2025-05-11T12:58:01.350000Z,cap-app-0215,cap-req-0215,cap-corr-0215,Northstar Identity (fictional),verify_identity,1,success,765
2025-05-11T13:15:01.350000Z,cap-app-0216,cap-req-0216,cap-corr-0216,Northstar Identity (fictional),verify_identity,1,success,800
2025-05-11T13:32:01.350000Z,cap-app-0217,cap-req-0217,cap-corr-0217,Northstar Identity (fictional),verify_identity,1,success,590
2025-05-11T13:49:01.350000Z,cap-app-0218,cap-req-0218,cap-corr-0218,Northstar Identity (fictional),verify_identity,1,success,625
2025-05-11T14:06:01.350000Z,cap-app-0219,cap-req-0219,cap-corr-0219,Northstar Identity (fictional),verify_identity,1,success,660
2025-05-11T14:23:01.350000Z,cap-app-0220,cap-req-0220,cap-corr-0220,Northstar Identity (fictional),verify_identity,1,success,695
2025-05-12T09:00:01.350000Z,cap-app-0221,cap-req-0221,cap-corr-0221,Northstar Identity (fictional),verify_identity,1,success,730
2025-05-12T09:17:01.350000Z,cap-app-0222,cap-req-0222,cap-corr-0222,Northstar Identity (fictional),verify_identity,1,success,765
2025-05-12T09:34:01.350000Z,cap-app-0223,cap-req-0223,cap-corr-0223,Northstar Identity (fictional),verify_identity,1,success,800
2025-05-12T09:51:01.350000Z,cap-app-0224,cap-req-0224,cap-corr-0224,Northstar Identity (fictional),verify_identity,1,success,590
2025-05-12T10:08:01.350000Z,cap-app-0225,cap-req-0225,cap-corr-0225,Northstar Identity (fictional),verify_identity,1,success,625
2025-05-12T10:25:01.350000Z,cap-app-0226,cap-req-0226,cap-corr-0226,Northstar Identity (fictional),verify_identity,1,success,660
2025-05-12T10:42:01.350000Z,cap-app-0227,cap-req-0227,cap-corr-0227,Northstar Identity (fictional),verify_identity,1,success,695
2025-05-12T10:59:01.350000Z,cap-app-0228,cap-req-0228,cap-corr-0228,Northstar Identity (fictional),verify_identity,1,declined,730
2025-05-12T11:16:01.350000Z,cap-app-0229,cap-req-0229,cap-corr-0229,Northstar Identity (fictional),verify_identity,1,success,765
2025-05-12T11:33:01.350000Z,cap-app-0230,cap-req-0230,cap-corr-0230,Northstar Identity (fictional),verify_identity,1,success,800
2025-05-12T11:50:01.350000Z,cap-app-0231,cap-req-0231,cap-corr-0231,Northstar Identity (fictional),verify_identity,1,success,590
2025-05-12T12:07:01.350000Z,cap-app-0232,cap-req-0232,cap-corr-0232,Northstar Identity (fictional),verify_identity,1,success,625
2025-05-12T12:24:01.350000Z,cap-app-0233,cap-req-0233,cap-corr-0233,Northstar Identity (fictional),verify_identity,1,success,660
2025-05-12T12:41:01.350000Z,cap-app-0234,cap-req-0234,cap-corr-0234,Northstar Identity (fictional),verify_identity,1,success,695
2025-05-12T12:58:01.350000Z,cap-app-0235,cap-req-0235,cap-corr-0235,Northstar Identity (fictional),verify_identity,1,success,730
2025-05-12T13:15:01.350000Z,cap-app-0236,cap-req-0236,cap-corr-0236,Northstar Identity (fictional),verify_identity,1,success,765
2025-05-12T13:32:01.350000Z,cap-app-0237,cap-req-0237,cap-corr-0237,Northstar Identity (fictional),verify_identity,1,success,800
2025-05-12T13:49:01.350000Z,cap-app-0238,cap-req-0238,cap-corr-0238,Northstar Identity (fictional),verify_identity,1,success,590
2025-05-12T14:06:01.350000Z,cap-app-0239,cap-req-0239,cap-corr-0239,Northstar Identity (fictional),verify_identity,1,success,625
2025-05-12T14:23:01.350000Z,cap-app-0240,cap-req-0240,cap-corr-0240,Northstar Identity (fictional),verify_identity,1,success,660
2025-05-13T09:00:01.350000Z,cap-app-0241,cap-req-0241,cap-corr-0241,Northstar Identity (fictional),verify_identity,1,success,695
2025-05-13T09:17:01.350000Z,cap-app-0242,cap-req-0242,cap-corr-0242,Northstar Identity (fictional),verify_identity,1,success,730
2025-05-13T09:34:01.350000Z,cap-app-0243,cap-req-0243,cap-corr-0243,Northstar Identity (fictional),verify_identity,1,success,765
2025-05-13T09:51:01.350000Z,cap-app-0244,cap-req-0244,cap-corr-0244,Northstar Identity (fictional),verify_identity,1,success,800
2025-05-13T10:08:01.350000Z,cap-app-0245,cap-req-0245,cap-corr-0245,Northstar Identity (fictional),verify_identity,1,success,590
2025-05-13T10:25:01.350000Z,cap-app-0246,cap-req-0246,cap-corr-0246,Northstar Identity (fictional),verify_identity,1,success,625
2025-05-13T10:42:01.350000Z,cap-app-0247,cap-req-0247,cap-corr-0247,Northstar Identity (fictional),verify_identity,1,declined,660
2025-05-13T10:59:01.350000Z,cap-app-0248,cap-req-0248,cap-corr-0248,Northstar Identity (fictional),verify_identity,1,success,695
2025-05-13T11:16:01.350000Z,cap-app-0249,cap-req-0249,cap-corr-0249,Northstar Identity (fictional),verify_identity,1,success,730
2025-05-13T11:33:01.350000Z,cap-app-0250,cap-req-0250,cap-corr-0250,Northstar Identity (fictional),verify_identity,1,success,765
2025-05-13T11:50:01.350000Z,cap-app-0251,cap-req-0251,cap-corr-0251,Northstar Identity (fictional),verify_identity,1,success,800
2025-05-13T12:07:01.350000Z,cap-app-0252,cap-req-0252,cap-corr-0252,Northstar Identity (fictional),verify_identity,1,success,590
2025-05-13T12:24:01.350000Z,cap-app-0253,cap-req-0253,cap-corr-0253,Northstar Identity (fictional),verify_identity,1,success,625
2025-05-13T12:41:01.350000Z,cap-app-0254,cap-req-0254,cap-corr-0254,Northstar Identity (fictional),verify_identity,1,success,660
2025-05-13T12:58:01.350000Z,cap-app-0255,cap-req-0255,cap-corr-0255,Northstar Identity (fictional),verify_identity,1,success,695
2025-05-13T13:15:01.350000Z,cap-app-0256,cap-req-0256,cap-corr-0256,Northstar Identity (fictional),verify_identity,1,success,730
2025-05-13T13:32:01.350000Z,cap-app-0257,cap-req-0257,cap-corr-0257,Northstar Identity (fictional),verify_identity,1,success,765
2025-05-13T13:49:01.350000Z,cap-app-0258,cap-req-0258,cap-corr-0258,Northstar Identity (fictional),verify_identity,1,success,800
2025-05-13T14:06:01.350000Z,cap-app-0259,cap-req-0259,cap-corr-0259,Northstar Identity (fictional),verify_identity,1,success,590
2025-05-13T14:23:01.350000Z,cap-app-0260,cap-req-0260,cap-corr-0260,Northstar Identity (fictional),verify_identity,1,success,625
2025-05-14T09:00:01.350000Z,cap-app-0261,cap-req-0261,cap-corr-0261,Northstar Identity (fictional),verify_identity,1,success,660
2025-05-14T09:17:01.350000Z,cap-app-0262,cap-req-0262,cap-corr-0262,Northstar Identity (fictional),verify_identity,1,success,695
2025-05-14T09:34:01.350000Z,cap-app-0263,cap-req-0263,cap-corr-0263,Northstar Identity (fictional),verify_identity,1,success,730
2025-05-14T09:51:01.350000Z,cap-app-0264,cap-req-0264,cap-corr-0264,Northstar Identity (fictional),verify_identity,1,success,765
2025-05-14T10:08:01.350000Z,cap-app-0265,cap-req-0265,cap-corr-0265,Northstar Identity (fictional),verify_identity,1,success,800
2025-05-14T10:25:01.350000Z,cap-app-0266,cap-req-0266,cap-corr-0266,Northstar Identity (fictional),verify_identity,1,declined,590
2025-05-14T10:42:01.350000Z,cap-app-0267,cap-req-0267,cap-corr-0267,Northstar Identity (fictional),verify_identity,1,success,625
2025-05-14T10:59:01.350000Z,cap-app-0268,cap-req-0268,cap-corr-0268,Northstar Identity (fictional),verify_identity,1,success,660
2025-05-14T11:16:01.350000Z,cap-app-0269,cap-req-0269,cap-corr-0269,Northstar Identity (fictional),verify_identity,1,success,695
2025-05-14T11:33:01.350000Z,cap-app-0270,cap-req-0270,cap-corr-0270,Northstar Identity (fictional),verify_identity,1,success,730
2025-05-14T11:50:01.350000Z,cap-app-0271,cap-req-0271,cap-corr-0271,Northstar Identity (fictional),verify_identity,1,success,765
2025-05-14T12:07:01.350000Z,cap-app-0272,cap-req-0272,cap-corr-0272,Northstar Identity (fictional),verify_identity,1,success,800
2025-05-14T12:24:01.350000Z,cap-app-0273,cap-req-0273,cap-corr-0273,Northstar Identity (fictional),verify_identity,1,success,590
2025-05-14T12:41:01.350000Z,cap-app-0274,cap-req-0274,cap-corr-0274,Northstar Identity (fictional),verify_identity,1,success,625
2025-05-14T12:58:01.350000Z,cap-app-0275,cap-req-0275,cap-corr-0275,Northstar Identity (fictional),verify_identity,1,success,660
2025-05-14T13:15:01.350000Z,cap-app-0276,cap-req-0276,cap-corr-0276,Northstar Identity (fictional),verify_identity,1,success,695
2025-05-14T13:32:01.350000Z,cap-app-0277,cap-req-0277,cap-corr-0277,Northstar Identity (fictional),verify_identity,1,success,730
2025-05-14T13:49:01.350000Z,cap-app-0278,cap-req-0278,cap-corr-0278,Northstar Identity (fictional),verify_identity,1,success,765
2025-05-14T14:06:01.350000Z,cap-app-0279,cap-req-0279,cap-corr-0279,Northstar Identity (fictional),verify_identity,1,success,800
2025-05-14T14:23:01.350000Z,cap-app-0280,cap-req-0280,cap-corr-0280,Northstar Identity (fictional),verify_identity,1,success,590
2025-05-15T09:00:01.350000Z,cap-app-0281,cap-req-0281,cap-corr-0281,Northstar Identity (fictional),verify_identity,1,success,625
2025-05-15T09:17:01.350000Z,cap-app-0282,cap-req-0282,cap-corr-0282,Northstar Identity (fictional),verify_identity,1,success,660
2025-05-15T09:34:01.350000Z,cap-app-0283,cap-req-0283,cap-corr-0283,Northstar Identity (fictional),verify_identity,1,timeout,2590
2025-05-15T09:34:03.900000Z,cap-app-0283,cap-req-0283,cap-corr-0283,Northstar Identity (fictional),verify_identity,2,timeout,970
2025-05-15T09:51:01.350000Z,cap-app-0284,cap-req-0284,cap-corr-0284,Northstar Identity (fictional),verify_identity,1,timeout,2670
2025-05-15T09:51:03.900000Z,cap-app-0284,cap-req-0284,cap-corr-0284,Northstar Identity (fictional),verify_identity,2,success,1040
2025-05-15T10:08:01.350000Z,cap-app-0285,cap-req-0285,cap-corr-0285,Northstar Identity (fictional),verify_identity,1,declined,765
2025-05-15T10:25:01.350000Z,cap-app-0286,cap-req-0286,cap-corr-0286,Northstar Identity (fictional),verify_identity,1,success,800
2025-05-15T10:42:01.350000Z,cap-app-0287,cap-req-0287,cap-corr-0287,Northstar Identity (fictional),verify_identity,1,success,590
2025-05-15T10:59:01.350000Z,cap-app-0288,cap-req-0288,cap-corr-0288,Northstar Identity (fictional),verify_identity,1,timeout,2350
2025-05-15T10:59:03.900000Z,cap-app-0288,cap-req-0288,cap-corr-0288,Northstar Identity (fictional),verify_identity,2,timeout,900
2025-05-15T11:16:01.350000Z,cap-app-0289,cap-req-0289,cap-corr-0289,Northstar Identity (fictional),verify_identity,1,timeout,2430
2025-05-15T11:16:03.900000Z,cap-app-0289,cap-req-0289,cap-corr-0289,Northstar Identity (fictional),verify_identity,2,success,970
2025-05-15T11:33:01.350000Z,cap-app-0290,cap-req-0290,cap-corr-0290,Northstar Identity (fictional),verify_identity,1,success,695
2025-05-15T11:50:01.350000Z,cap-app-0291,cap-req-0291,cap-corr-0291,Northstar Identity (fictional),verify_identity,1,success,730
2025-05-15T12:07:01.350000Z,cap-app-0292,cap-req-0292,cap-corr-0292,Northstar Identity (fictional),verify_identity,1,success,765
2025-05-15T12:24:01.350000Z,cap-app-0293,cap-req-0293,cap-corr-0293,Northstar Identity (fictional),verify_identity,1,success,800
2025-05-15T12:41:01.350000Z,cap-app-0294,cap-req-0294,cap-corr-0294,Northstar Identity (fictional),verify_identity,1,success,590
2025-05-15T12:58:01.350000Z,cap-app-0295,cap-req-0295,cap-corr-0295,Northstar Identity (fictional),verify_identity,1,success,625
2025-05-15T13:15:01.350000Z,cap-app-0296,cap-req-0296,cap-corr-0296,Northstar Identity (fictional),verify_identity,1,success,660
2025-05-15T13:32:01.350000Z,cap-app-0297,cap-req-0297,cap-corr-0297,Northstar Identity (fictional),verify_identity,1,success,695
2025-05-15T13:49:01.350000Z,cap-app-0298,cap-req-0298,cap-corr-0298,Northstar Identity (fictional),verify_identity,1,success,730
2025-05-15T14:06:01.350000Z,cap-app-0299,cap-req-0299,cap-corr-0299,Northstar Identity (fictional),verify_identity,1,success,765
2025-05-15T14:23:01.350000Z,cap-app-0300,cap-req-0300,cap-corr-0300,Northstar Identity (fictional),verify_identity,1,success,800
2025-05-16T09:00:01.350000Z,cap-app-0301,cap-req-0301,cap-corr-0301,Northstar Identity (fictional),verify_identity,1,success,590
2025-05-16T09:17:01.350000Z,cap-app-0302,cap-req-0302,cap-corr-0302,Northstar Identity (fictional),verify_identity,1,timeout,2830
2025-05-16T09:17:03.900000Z,cap-app-0302,cap-req-0302,cap-corr-0302,Northstar Identity (fictional),verify_identity,2,timeout,1040
2025-05-16T09:34:01.350000Z,cap-app-0303,cap-req-0303,cap-corr-0303,Northstar Identity (fictional),verify_identity,1,timeout,2910
2025-05-16T09:34:03.900000Z,cap-app-0303,cap-req-0303,cap-corr-0303,Northstar Identity (fictional),verify_identity,2,success,1110
2025-05-16T09:51:01.350000Z,cap-app-0304,cap-req-0304,cap-corr-0304,Northstar Identity (fictional),verify_identity,1,declined,695
2025-05-16T10:08:01.350000Z,cap-app-0305,cap-req-0305,cap-corr-0305,Northstar Identity (fictional),verify_identity,1,declined,730
2025-05-16T10:25:01.350000Z,cap-app-0306,cap-req-0306,cap-corr-0306,Northstar Identity (fictional),verify_identity,1,success,765
2025-05-16T10:42:01.350000Z,cap-app-0307,cap-req-0307,cap-corr-0307,Northstar Identity (fictional),verify_identity,1,timeout,2590
2025-05-16T10:42:03.900000Z,cap-app-0307,cap-req-0307,cap-corr-0307,Northstar Identity (fictional),verify_identity,2,timeout,970
2025-05-16T10:59:01.350000Z,cap-app-0308,cap-req-0308,cap-corr-0308,Northstar Identity (fictional),verify_identity,1,timeout,2670
2025-05-16T10:59:03.900000Z,cap-app-0308,cap-req-0308,cap-corr-0308,Northstar Identity (fictional),verify_identity,2,success,1040
2025-05-16T11:16:01.350000Z,cap-app-0309,cap-req-0309,cap-corr-0309,Northstar Identity (fictional),verify_identity,1,success,625
2025-05-16T11:33:01.350000Z,cap-app-0310,cap-req-0310,cap-corr-0310,Northstar Identity (fictional),verify_identity,1,success,660
2025-05-16T11:50:01.350000Z,cap-app-0311,cap-req-0311,cap-corr-0311,Northstar Identity (fictional),verify_identity,1,success,695
2025-05-16T12:07:01.350000Z,cap-app-0312,cap-req-0312,cap-corr-0312,Northstar Identity (fictional),verify_identity,1,timeout,2350
2025-05-16T12:07:03.900000Z,cap-app-0312,cap-req-0312,cap-corr-0312,Northstar Identity (fictional),verify_identity,2,timeout,900
2025-05-16T12:24:01.350000Z,cap-app-0313,cap-req-0313,cap-corr-0313,Northstar Identity (fictional),verify_identity,1,success,765
2025-05-16T12:41:01.350000Z,cap-app-0314,cap-req-0314,cap-corr-0314,Northstar Identity (fictional),verify_identity,1,success,800
2025-05-16T12:58:01.350000Z,cap-app-0315,cap-req-0315,cap-corr-0315,Northstar Identity (fictional),verify_identity,1,success,590
2025-05-16T13:15:01.350000Z,cap-app-0316,cap-req-0316,cap-corr-0316,Northstar Identity (fictional),verify_identity,1,success,625
2025-05-16T13:32:01.350000Z,cap-app-0317,cap-req-0317,cap-corr-0317,Northstar Identity (fictional),verify_identity,1,success,660
2025-05-16T13:49:01.350000Z,cap-app-0318,cap-req-0318,cap-corr-0318,Northstar Identity (fictional),verify_identity,1,success,695
2025-05-16T14:06:01.350000Z,cap-app-0319,cap-req-0319,cap-corr-0319,Northstar Identity (fictional),verify_identity,1,success,730
2025-05-16T14:23:01.350000Z,cap-app-0320,cap-req-0320,cap-corr-0320,Northstar Identity (fictional),verify_identity,1,success,765
2025-05-17T09:00:01.350000Z,cap-app-0321,cap-req-0321,cap-corr-0321,Northstar Identity (fictional),verify_identity,1,timeout,2430
2025-05-17T09:00:03.900000Z,cap-app-0321,cap-req-0321,cap-corr-0321,Northstar Identity (fictional),verify_identity,2,timeout,1110
2025-05-17T09:17:01.350000Z,cap-app-0322,cap-req-0322,cap-corr-0322,Northstar Identity (fictional),verify_identity,1,timeout,2510
2025-05-17T09:17:03.900000Z,cap-app-0322,cap-req-0322,cap-corr-0322,Northstar Identity (fictional),verify_identity,2,success,1180
2025-05-17T09:34:01.350000Z,cap-app-0323,cap-req-0323,cap-corr-0323,Northstar Identity (fictional),verify_identity,1,declined,625
2025-05-17T09:51:01.350000Z,cap-app-0324,cap-req-0324,cap-corr-0324,Northstar Identity (fictional),verify_identity,1,success,660
2025-05-17T10:08:01.350000Z,cap-app-0325,cap-req-0325,cap-corr-0325,Northstar Identity (fictional),verify_identity,1,declined,695
2025-05-17T10:25:01.350000Z,cap-app-0326,cap-req-0326,cap-corr-0326,Northstar Identity (fictional),verify_identity,1,timeout,2830
2025-05-17T10:25:03.900000Z,cap-app-0326,cap-req-0326,cap-corr-0326,Northstar Identity (fictional),verify_identity,2,timeout,1040
2025-05-17T10:42:01.350000Z,cap-app-0327,cap-req-0327,cap-corr-0327,Northstar Identity (fictional),verify_identity,1,timeout,2910
2025-05-17T10:42:03.900000Z,cap-app-0327,cap-req-0327,cap-corr-0327,Northstar Identity (fictional),verify_identity,2,success,1110
2025-05-17T10:59:01.350000Z,cap-app-0328,cap-req-0328,cap-corr-0328,Northstar Identity (fictional),verify_identity,1,success,800
2025-05-17T11:16:01.350000Z,cap-app-0329,cap-req-0329,cap-corr-0329,Northstar Identity (fictional),verify_identity,1,success,590
2025-05-17T11:33:01.350000Z,cap-app-0330,cap-req-0330,cap-corr-0330,Northstar Identity (fictional),verify_identity,1,success,625
2025-05-17T11:50:01.350000Z,cap-app-0331,cap-req-0331,cap-corr-0331,Northstar Identity (fictional),verify_identity,1,timeout,2590
2025-05-17T11:50:03.900000Z,cap-app-0331,cap-req-0331,cap-corr-0331,Northstar Identity (fictional),verify_identity,2,timeout,970
2025-05-17T12:07:01.350000Z,cap-app-0332,cap-req-0332,cap-corr-0332,Northstar Identity (fictional),verify_identity,1,timeout,2670
2025-05-17T12:07:03.900000Z,cap-app-0332,cap-req-0332,cap-corr-0332,Northstar Identity (fictional),verify_identity,2,success,1040
2025-05-17T12:24:01.350000Z,cap-app-0333,cap-req-0333,cap-corr-0333,Northstar Identity (fictional),verify_identity,1,success,730
2025-05-17T12:41:01.350000Z,cap-app-0334,cap-req-0334,cap-corr-0334,Northstar Identity (fictional),verify_identity,1,success,765
2025-05-17T12:58:01.350000Z,cap-app-0335,cap-req-0335,cap-corr-0335,Northstar Identity (fictional),verify_identity,1,success,800
2025-05-17T13:15:01.350000Z,cap-app-0336,cap-req-0336,cap-corr-0336,Northstar Identity (fictional),verify_identity,1,success,590
2025-05-17T13:32:01.350000Z,cap-app-0337,cap-req-0337,cap-corr-0337,Northstar Identity (fictional),verify_identity,1,success,625
2025-05-17T13:49:01.350000Z,cap-app-0338,cap-req-0338,cap-corr-0338,Northstar Identity (fictional),verify_identity,1,success,660
2025-05-17T14:06:01.350000Z,cap-app-0339,cap-req-0339,cap-corr-0339,Northstar Identity (fictional),verify_identity,1,success,695
2025-05-17T14:23:01.350000Z,cap-app-0340,cap-req-0340,cap-corr-0340,Northstar Identity (fictional),verify_identity,1,success,730
2025-05-18T09:00:01.350000Z,cap-app-0341,cap-req-0341,cap-corr-0341,Northstar Identity (fictional),verify_identity,1,timeout,2750
2025-05-18T09:00:03.900000Z,cap-app-0341,cap-req-0341,cap-corr-0341,Northstar Identity (fictional),verify_identity,2,success,1250
2025-05-18T09:17:01.350000Z,cap-app-0342,cap-req-0342,cap-corr-0342,Northstar Identity (fictional),verify_identity,1,declined,800
2025-05-18T09:34:01.350000Z,cap-app-0343,cap-req-0343,cap-corr-0343,Northstar Identity (fictional),verify_identity,1,success,590
2025-05-18T09:51:01.350000Z,cap-app-0344,cap-req-0344,cap-corr-0344,Northstar Identity (fictional),verify_identity,1,success,625
2025-05-18T10:08:01.350000Z,cap-app-0345,cap-req-0345,cap-corr-0345,Northstar Identity (fictional),verify_identity,1,timeout,2430
2025-05-18T10:08:03.900000Z,cap-app-0345,cap-req-0345,cap-corr-0345,Northstar Identity (fictional),verify_identity,2,timeout,1110
2025-05-18T10:25:01.350000Z,cap-app-0346,cap-req-0346,cap-corr-0346,Northstar Identity (fictional),verify_identity,1,timeout,2510
2025-05-18T10:25:03.900000Z,cap-app-0346,cap-req-0346,cap-corr-0346,Northstar Identity (fictional),verify_identity,2,success,1180
2025-05-18T10:42:01.350000Z,cap-app-0347,cap-req-0347,cap-corr-0347,Northstar Identity (fictional),verify_identity,1,success,730
2025-05-18T10:59:01.350000Z,cap-app-0348,cap-req-0348,cap-corr-0348,Northstar Identity (fictional),verify_identity,1,success,765
2025-05-18T11:16:01.350000Z,cap-app-0349,cap-req-0349,cap-corr-0349,Northstar Identity (fictional),verify_identity,1,success,800
2025-05-18T11:33:01.350000Z,cap-app-0350,cap-req-0350,cap-corr-0350,Northstar Identity (fictional),verify_identity,1,timeout,2830
2025-05-18T11:33:03.900000Z,cap-app-0350,cap-req-0350,cap-corr-0350,Northstar Identity (fictional),verify_identity,2,timeout,1040
2025-05-18T11:50:01.350000Z,cap-app-0351,cap-req-0351,cap-corr-0351,Northstar Identity (fictional),verify_identity,1,timeout,2910
2025-05-18T11:50:03.900000Z,cap-app-0351,cap-req-0351,cap-corr-0351,Northstar Identity (fictional),verify_identity,2,success,1110
2025-05-18T12:07:01.350000Z,cap-app-0352,cap-req-0352,cap-corr-0352,Northstar Identity (fictional),verify_identity,1,success,660
2025-05-18T12:24:01.350000Z,cap-app-0353,cap-req-0353,cap-corr-0353,Northstar Identity (fictional),verify_identity,1,success,695
2025-05-18T12:41:01.350000Z,cap-app-0354,cap-req-0354,cap-corr-0354,Northstar Identity (fictional),verify_identity,1,success,730
2025-05-18T12:58:01.350000Z,cap-app-0355,cap-req-0355,cap-corr-0355,Northstar Identity (fictional),verify_identity,1,success,765
2025-05-18T13:15:01.350000Z,cap-app-0356,cap-req-0356,cap-corr-0356,Northstar Identity (fictional),verify_identity,1,success,800
2025-05-18T13:32:01.350000Z,cap-app-0357,cap-req-0357,cap-corr-0357,Northstar Identity (fictional),verify_identity,1,success,590
2025-05-18T13:49:01.350000Z,cap-app-0358,cap-req-0358,cap-corr-0358,Northstar Identity (fictional),verify_identity,1,success,625
2025-05-18T14:06:01.350000Z,cap-app-0359,cap-req-0359,cap-corr-0359,Northstar Identity (fictional),verify_identity,1,success,660
2025-05-18T14:23:01.350000Z,cap-app-0360,cap-req-0360,cap-corr-0360,Northstar Identity (fictional),verify_identity,1,success,695
2025-05-19T09:00:01.350000Z,cap-app-0361,cap-req-0361,cap-corr-0361,Northstar Identity (fictional),verify_identity,1,declined,730
2025-05-19T09:17:01.350000Z,cap-app-0362,cap-req-0362,cap-corr-0362,Northstar Identity (fictional),verify_identity,1,success,765
2025-05-19T09:34:01.350000Z,cap-app-0363,cap-req-0363,cap-corr-0363,Northstar Identity (fictional),verify_identity,1,success,800
2025-05-19T09:51:01.350000Z,cap-app-0364,cap-req-0364,cap-corr-0364,Northstar Identity (fictional),verify_identity,1,timeout,2670
2025-05-19T09:51:03.900000Z,cap-app-0364,cap-req-0364,cap-corr-0364,Northstar Identity (fictional),verify_identity,2,timeout,1180
2025-05-19T10:08:01.350000Z,cap-app-0365,cap-req-0365,cap-corr-0365,Northstar Identity (fictional),verify_identity,1,timeout,2750
2025-05-19T10:08:03.900000Z,cap-app-0365,cap-req-0365,cap-corr-0365,Northstar Identity (fictional),verify_identity,2,success,1250
2025-05-19T10:25:01.350000Z,cap-app-0366,cap-req-0366,cap-corr-0366,Northstar Identity (fictional),verify_identity,1,success,660
2025-05-19T10:42:01.350000Z,cap-app-0367,cap-req-0367,cap-corr-0367,Northstar Identity (fictional),verify_identity,1,success,695
2025-05-19T10:59:01.350000Z,cap-app-0368,cap-req-0368,cap-corr-0368,Northstar Identity (fictional),verify_identity,1,success,730
2025-05-19T11:16:01.350000Z,cap-app-0369,cap-req-0369,cap-corr-0369,Northstar Identity (fictional),verify_identity,1,timeout,2430
2025-05-19T11:16:03.900000Z,cap-app-0369,cap-req-0369,cap-corr-0369,Northstar Identity (fictional),verify_identity,2,timeout,1110
2025-05-19T11:33:01.350000Z,cap-app-0370,cap-req-0370,cap-corr-0370,Northstar Identity (fictional),verify_identity,1,timeout,2510
2025-05-19T11:33:03.900000Z,cap-app-0370,cap-req-0370,cap-corr-0370,Northstar Identity (fictional),verify_identity,2,success,1180
2025-05-19T11:50:01.350000Z,cap-app-0371,cap-req-0371,cap-corr-0371,Northstar Identity (fictional),verify_identity,1,success,590
2025-05-19T12:07:01.350000Z,cap-app-0372,cap-req-0372,cap-corr-0372,Northstar Identity (fictional),verify_identity,1,success,625
2025-05-19T12:24:01.350000Z,cap-app-0373,cap-req-0373,cap-corr-0373,Northstar Identity (fictional),verify_identity,1,success,660
2025-05-19T12:41:01.350000Z,cap-app-0374,cap-req-0374,cap-corr-0374,Northstar Identity (fictional),verify_identity,1,success,695
2025-05-19T12:58:01.350000Z,cap-app-0375,cap-req-0375,cap-corr-0375,Northstar Identity (fictional),verify_identity,1,success,730
2025-05-19T13:15:01.350000Z,cap-app-0376,cap-req-0376,cap-corr-0376,Northstar Identity (fictional),verify_identity,1,success,765
2025-05-19T13:32:01.350000Z,cap-app-0377,cap-req-0377,cap-corr-0377,Northstar Identity (fictional),verify_identity,1,success,800
2025-05-19T13:49:01.350000Z,cap-app-0378,cap-req-0378,cap-corr-0378,Northstar Identity (fictional),verify_identity,1,success,590
2025-05-19T14:06:01.350000Z,cap-app-0379,cap-req-0379,cap-corr-0379,Northstar Identity (fictional),verify_identity,1,success,625
2025-05-19T14:23:01.350000Z,cap-app-0380,cap-req-0380,cap-corr-0380,Northstar Identity (fictional),verify_identity,1,declined,660
2025-05-20T09:00:01.350000Z,cap-app-0381,cap-req-0381,cap-corr-0381,Northstar Identity (fictional),verify_identity,1,success,695
2025-05-20T09:17:01.350000Z,cap-app-0382,cap-req-0382,cap-corr-0382,Northstar Identity (fictional),verify_identity,1,success,730
2025-05-20T09:34:01.350000Z,cap-app-0383,cap-req-0383,cap-corr-0383,Northstar Identity (fictional),verify_identity,1,timeout,2910
2025-05-20T09:34:03.900000Z,cap-app-0383,cap-req-0383,cap-corr-0383,Northstar Identity (fictional),verify_identity,2,timeout,1250
2025-05-20T09:51:01.350000Z,cap-app-0384,cap-req-0384,cap-corr-0384,Northstar Identity (fictional),verify_identity,1,timeout,2350
2025-05-20T09:51:03.900000Z,cap-app-0384,cap-req-0384,cap-corr-0384,Northstar Identity (fictional),verify_identity,2,success,900
2025-05-20T10:08:01.350000Z,cap-app-0385,cap-req-0385,cap-corr-0385,Northstar Identity (fictional),verify_identity,1,declined,590
2025-05-20T10:25:01.350000Z,cap-app-0386,cap-req-0386,cap-corr-0386,Northstar Identity (fictional),verify_identity,1,success,625
2025-05-20T10:42:01.350000Z,cap-app-0387,cap-req-0387,cap-corr-0387,Northstar Identity (fictional),verify_identity,1,success,660
2025-05-20T10:59:01.350000Z,cap-app-0388,cap-req-0388,cap-corr-0388,Northstar Identity (fictional),verify_identity,1,timeout,2670
2025-05-20T10:59:03.900000Z,cap-app-0388,cap-req-0388,cap-corr-0388,Northstar Identity (fictional),verify_identity,2,timeout,1180
2025-05-20T11:16:01.350000Z,cap-app-0389,cap-req-0389,cap-corr-0389,Northstar Identity (fictional),verify_identity,1,timeout,2750
2025-05-20T11:16:03.900000Z,cap-app-0389,cap-req-0389,cap-corr-0389,Northstar Identity (fictional),verify_identity,2,success,1250
2025-05-20T11:33:01.350000Z,cap-app-0390,cap-req-0390,cap-corr-0390,Northstar Identity (fictional),verify_identity,1,success,765
2025-05-20T11:50:01.350000Z,cap-app-0391,cap-req-0391,cap-corr-0391,Northstar Identity (fictional),verify_identity,1,success,800
2025-05-20T12:07:01.350000Z,cap-app-0392,cap-req-0392,cap-corr-0392,Northstar Identity (fictional),verify_identity,1,success,590
2025-05-20T12:24:01.350000Z,cap-app-0393,cap-req-0393,cap-corr-0393,Northstar Identity (fictional),verify_identity,1,success,625
2025-05-20T12:41:01.350000Z,cap-app-0394,cap-req-0394,cap-corr-0394,Northstar Identity (fictional),verify_identity,1,success,660
2025-05-20T12:58:01.350000Z,cap-app-0395,cap-req-0395,cap-corr-0395,Northstar Identity (fictional),verify_identity,1,success,695
2025-05-20T13:15:01.350000Z,cap-app-0396,cap-req-0396,cap-corr-0396,Northstar Identity (fictional),verify_identity,1,success,730
2025-05-20T13:32:01.350000Z,cap-app-0397,cap-req-0397,cap-corr-0397,Northstar Identity (fictional),verify_identity,1,success,765
2025-05-20T13:49:01.350000Z,cap-app-0398,cap-req-0398,cap-corr-0398,Northstar Identity (fictional),verify_identity,1,success,800
2025-05-20T14:06:01.350000Z,cap-app-0399,cap-req-0399,cap-corr-0399,Northstar Identity (fictional),verify_identity,1,declined,590
2025-05-20T14:23:01.350000Z,cap-app-0400,cap-req-0400,cap-corr-0400,Northstar Identity (fictional),verify_identity,1,success,625
2025-05-21T09:00:01.350000Z,cap-app-0401,cap-req-0401,cap-corr-0401,Northstar Identity (fictional),verify_identity,1,success,660
2025-05-21T09:17:01.350000Z,cap-app-0402,cap-req-0402,cap-corr-0402,Northstar Identity (fictional),verify_identity,1,timeout,2510
2025-05-21T09:17:03.900000Z,cap-app-0402,cap-req-0402,cap-corr-0402,Northstar Identity (fictional),verify_identity,2,timeout,900
2025-05-21T09:34:01.350000Z,cap-app-0403,cap-req-0403,cap-corr-0403,Northstar Identity (fictional),verify_identity,1,timeout,2590
2025-05-21T09:34:03.900000Z,cap-app-0403,cap-req-0403,cap-corr-0403,Northstar Identity (fictional),verify_identity,2,success,970
2025-05-21T09:51:01.350000Z,cap-app-0404,cap-req-0404,cap-corr-0404,Northstar Identity (fictional),verify_identity,1,success,765
2025-05-21T10:08:01.350000Z,cap-app-0405,cap-req-0405,cap-corr-0405,Northstar Identity (fictional),verify_identity,1,declined,800
2025-05-21T10:25:01.350000Z,cap-app-0406,cap-req-0406,cap-corr-0406,Northstar Identity (fictional),verify_identity,1,success,590
2025-05-21T10:42:01.350000Z,cap-app-0407,cap-req-0407,cap-corr-0407,Northstar Identity (fictional),verify_identity,1,timeout,2910
2025-05-21T10:42:03.900000Z,cap-app-0407,cap-req-0407,cap-corr-0407,Northstar Identity (fictional),verify_identity,2,timeout,1250
2025-05-21T10:59:01.350000Z,cap-app-0408,cap-req-0408,cap-corr-0408,Northstar Identity (fictional),verify_identity,1,timeout,2350
2025-05-21T10:59:03.900000Z,cap-app-0408,cap-req-0408,cap-corr-0408,Northstar Identity (fictional),verify_identity,2,success,900
2025-05-21T11:16:01.350000Z,cap-app-0409,cap-req-0409,cap-corr-0409,Northstar Identity (fictional),verify_identity,1,success,695
2025-05-21T11:33:01.350000Z,cap-app-0410,cap-req-0410,cap-corr-0410,Northstar Identity (fictional),verify_identity,1,success,730
2025-05-21T11:50:01.350000Z,cap-app-0411,cap-req-0411,cap-corr-0411,Northstar Identity (fictional),verify_identity,1,success,765
2025-05-21T12:07:01.350000Z,cap-app-0412,cap-req-0412,cap-corr-0412,Northstar Identity (fictional),verify_identity,1,timeout,2670
2025-05-21T12:07:03.900000Z,cap-app-0412,cap-req-0412,cap-corr-0412,Northstar Identity (fictional),verify_identity,2,timeout,1180
2025-05-21T12:24:01.350000Z,cap-app-0413,cap-req-0413,cap-corr-0413,Northstar Identity (fictional),verify_identity,1,success,590
2025-05-21T12:41:01.350000Z,cap-app-0414,cap-req-0414,cap-corr-0414,Northstar Identity (fictional),verify_identity,1,success,625
2025-05-21T12:58:01.350000Z,cap-app-0415,cap-req-0415,cap-corr-0415,Northstar Identity (fictional),verify_identity,1,success,660
2025-05-21T13:15:01.350000Z,cap-app-0416,cap-req-0416,cap-corr-0416,Northstar Identity (fictional),verify_identity,1,success,695
2025-05-21T13:32:01.350000Z,cap-app-0417,cap-req-0417,cap-corr-0417,Northstar Identity (fictional),verify_identity,1,success,730
2025-05-21T13:49:01.350000Z,cap-app-0418,cap-req-0418,cap-corr-0418,Northstar Identity (fictional),verify_identity,1,declined,765
2025-05-21T14:06:01.350000Z,cap-app-0419,cap-req-0419,cap-corr-0419,Northstar Identity (fictional),verify_identity,1,success,800
2025-05-21T14:23:01.350000Z,cap-app-0420,cap-req-0420,cap-corr-0420,Northstar Identity (fictional),verify_identity,1,success,590
2025-05-22T09:00:01.350000Z,cap-app-0421,cap-req-0421,cap-corr-0421,Northstar Identity (fictional),verify_identity,1,timeout,2750
2025-05-22T09:00:03.900000Z,cap-app-0421,cap-req-0421,cap-corr-0421,Northstar Identity (fictional),verify_identity,2,timeout,970
2025-05-22T09:17:01.350000Z,cap-app-0422,cap-req-0422,cap-corr-0422,Northstar Identity (fictional),verify_identity,1,timeout,2830
2025-05-22T09:17:03.900000Z,cap-app-0422,cap-req-0422,cap-corr-0422,Northstar Identity (fictional),verify_identity,2,success,1040
2025-05-22T09:34:01.350000Z,cap-app-0423,cap-req-0423,cap-corr-0423,Northstar Identity (fictional),verify_identity,1,success,695
2025-05-22T09:51:01.350000Z,cap-app-0424,cap-req-0424,cap-corr-0424,Northstar Identity (fictional),verify_identity,1,success,730
2025-05-22T10:08:01.350000Z,cap-app-0425,cap-req-0425,cap-corr-0425,Northstar Identity (fictional),verify_identity,1,declined,765
2025-05-22T10:25:01.350000Z,cap-app-0426,cap-req-0426,cap-corr-0426,Northstar Identity (fictional),verify_identity,1,timeout,2510
2025-05-22T10:25:03.900000Z,cap-app-0426,cap-req-0426,cap-corr-0426,Northstar Identity (fictional),verify_identity,2,timeout,900
2025-05-22T10:42:01.350000Z,cap-app-0427,cap-req-0427,cap-corr-0427,Northstar Identity (fictional),verify_identity,1,timeout,2590
2025-05-22T10:42:03.900000Z,cap-app-0427,cap-req-0427,cap-corr-0427,Northstar Identity (fictional),verify_identity,2,success,970
2025-05-22T10:59:01.350000Z,cap-app-0428,cap-req-0428,cap-corr-0428,Northstar Identity (fictional),verify_identity,1,success,625
2025-05-22T11:16:01.350000Z,cap-app-0429,cap-req-0429,cap-corr-0429,Northstar Identity (fictional),verify_identity,1,success,660
2025-05-22T11:33:01.350000Z,cap-app-0430,cap-req-0430,cap-corr-0430,Northstar Identity (fictional),verify_identity,1,success,695
2025-05-22T11:50:01.350000Z,cap-app-0431,cap-req-0431,cap-corr-0431,Northstar Identity (fictional),verify_identity,1,timeout,2910
2025-05-22T11:50:03.900000Z,cap-app-0431,cap-req-0431,cap-corr-0431,Northstar Identity (fictional),verify_identity,2,timeout,1250
2025-05-22T12:07:01.350000Z,cap-app-0432,cap-req-0432,cap-corr-0432,Northstar Identity (fictional),verify_identity,1,timeout,2350
2025-05-22T12:07:03.900000Z,cap-app-0432,cap-req-0432,cap-corr-0432,Northstar Identity (fictional),verify_identity,2,success,900
2025-05-22T12:24:01.350000Z,cap-app-0433,cap-req-0433,cap-corr-0433,Northstar Identity (fictional),verify_identity,1,success,800
2025-05-22T12:41:01.350000Z,cap-app-0434,cap-req-0434,cap-corr-0434,Northstar Identity (fictional),verify_identity,1,success,590
2025-05-22T12:58:01.350000Z,cap-app-0435,cap-req-0435,cap-corr-0435,Northstar Identity (fictional),verify_identity,1,success,625
2025-05-22T13:15:01.350000Z,cap-app-0436,cap-req-0436,cap-corr-0436,Northstar Identity (fictional),verify_identity,1,success,660
2025-05-22T13:32:01.350000Z,cap-app-0437,cap-req-0437,cap-corr-0437,Northstar Identity (fictional),verify_identity,1,declined,695
2025-05-22T13:49:01.350000Z,cap-app-0438,cap-req-0438,cap-corr-0438,Northstar Identity (fictional),verify_identity,1,success,730
2025-05-22T14:06:01.350000Z,cap-app-0439,cap-req-0439,cap-corr-0439,Northstar Identity (fictional),verify_identity,1,success,765
2025-05-22T14:23:01.350000Z,cap-app-0440,cap-req-0440,cap-corr-0440,Northstar Identity (fictional),verify_identity,1,success,800
2025-05-23T09:00:01.350000Z,cap-app-0441,cap-req-0441,cap-corr-0441,Northstar Identity (fictional),verify_identity,1,timeout,2430
2025-05-23T09:00:03.900000Z,cap-app-0441,cap-req-0441,cap-corr-0441,Northstar Identity (fictional),verify_identity,2,success,1110
2025-05-23T09:17:01.350000Z,cap-app-0442,cap-req-0442,cap-corr-0442,Northstar Identity (fictional),verify_identity,1,success,625
2025-05-23T09:34:01.350000Z,cap-app-0443,cap-req-0443,cap-corr-0443,Northstar Identity (fictional),verify_identity,1,success,660
2025-05-23T09:51:01.350000Z,cap-app-0444,cap-req-0444,cap-corr-0444,Northstar Identity (fictional),verify_identity,1,success,695
2025-05-23T10:08:01.350000Z,cap-app-0445,cap-req-0445,cap-corr-0445,Northstar Identity (fictional),verify_identity,1,timeout,2750
2025-05-23T10:08:03.900000Z,cap-app-0445,cap-req-0445,cap-corr-0445,Northstar Identity (fictional),verify_identity,2,timeout,970
2025-05-23T10:25:01.350000Z,cap-app-0446,cap-req-0446,cap-corr-0446,Northstar Identity (fictional),verify_identity,1,timeout,2830
2025-05-23T10:25:03.900000Z,cap-app-0446,cap-req-0446,cap-corr-0446,Northstar Identity (fictional),verify_identity,2,success,1040
2025-05-23T10:42:01.350000Z,cap-app-0447,cap-req-0447,cap-corr-0447,Northstar Identity (fictional),verify_identity,1,success,800
2025-05-23T10:59:01.350000Z,cap-app-0448,cap-req-0448,cap-corr-0448,Northstar Identity (fictional),verify_identity,1,success,590
2025-05-23T11:16:01.350000Z,cap-app-0449,cap-req-0449,cap-corr-0449,Northstar Identity (fictional),verify_identity,1,success,625
2025-05-23T11:33:01.350000Z,cap-app-0450,cap-req-0450,cap-corr-0450,Northstar Identity (fictional),verify_identity,1,timeout,2510
2025-05-23T11:33:03.900000Z,cap-app-0450,cap-req-0450,cap-corr-0450,Northstar Identity (fictional),verify_identity,2,timeout,900
2025-05-23T11:50:01.350000Z,cap-app-0451,cap-req-0451,cap-corr-0451,Northstar Identity (fictional),verify_identity,1,timeout,2590
2025-05-23T11:50:03.900000Z,cap-app-0451,cap-req-0451,cap-corr-0451,Northstar Identity (fictional),verify_identity,2,success,970
2025-05-23T12:07:01.350000Z,cap-app-0452,cap-req-0452,cap-corr-0452,Northstar Identity (fictional),verify_identity,1,success,730
2025-05-23T12:24:01.350000Z,cap-app-0453,cap-req-0453,cap-corr-0453,Northstar Identity (fictional),verify_identity,1,success,765
2025-05-23T12:41:01.350000Z,cap-app-0454,cap-req-0454,cap-corr-0454,Northstar Identity (fictional),verify_identity,1,success,800
2025-05-23T12:58:01.350000Z,cap-app-0455,cap-req-0455,cap-corr-0455,Northstar Identity (fictional),verify_identity,1,success,590
2025-05-23T13:15:01.350000Z,cap-app-0456,cap-req-0456,cap-corr-0456,Northstar Identity (fictional),verify_identity,1,declined,625
2025-05-23T13:32:01.350000Z,cap-app-0457,cap-req-0457,cap-corr-0457,Northstar Identity (fictional),verify_identity,1,success,660
2025-05-23T13:49:01.350000Z,cap-app-0458,cap-req-0458,cap-corr-0458,Northstar Identity (fictional),verify_identity,1,success,695
2025-05-23T14:06:01.350000Z,cap-app-0459,cap-req-0459,cap-corr-0459,Northstar Identity (fictional),verify_identity,1,success,730
2025-05-23T14:23:01.350000Z,cap-app-0460,cap-req-0460,cap-corr-0460,Northstar Identity (fictional),verify_identity,1,success,765
2025-05-24T09:00:01.350000Z,cap-app-0461,cap-req-0461,cap-corr-0461,Northstar Identity (fictional),verify_identity,1,success,800
2025-05-24T09:17:01.350000Z,cap-app-0462,cap-req-0462,cap-corr-0462,Northstar Identity (fictional),verify_identity,1,success,590
2025-05-24T09:34:01.350000Z,cap-app-0463,cap-req-0463,cap-corr-0463,Northstar Identity (fictional),verify_identity,1,success,625
2025-05-24T09:51:01.350000Z,cap-app-0464,cap-req-0464,cap-corr-0464,Northstar Identity (fictional),verify_identity,1,timeout,2350
2025-05-24T09:51:03.900000Z,cap-app-0464,cap-req-0464,cap-corr-0464,Northstar Identity (fictional),verify_identity,2,timeout,1040
2025-05-24T10:08:01.350000Z,cap-app-0465,cap-req-0465,cap-corr-0465,Northstar Identity (fictional),verify_identity,1,timeout,2430
2025-05-24T10:08:03.900000Z,cap-app-0465,cap-req-0465,cap-corr-0465,Northstar Identity (fictional),verify_identity,2,success,1110
2025-05-24T10:25:01.350000Z,cap-app-0466,cap-req-0466,cap-corr-0466,Northstar Identity (fictional),verify_identity,1,success,730
2025-05-24T10:42:01.350000Z,cap-app-0467,cap-req-0467,cap-corr-0467,Northstar Identity (fictional),verify_identity,1,success,765
2025-05-24T10:59:01.350000Z,cap-app-0468,cap-req-0468,cap-corr-0468,Northstar Identity (fictional),verify_identity,1,success,800
2025-05-24T11:16:01.350000Z,cap-app-0469,cap-req-0469,cap-corr-0469,Northstar Identity (fictional),verify_identity,1,timeout,2750
2025-05-24T11:16:03.900000Z,cap-app-0469,cap-req-0469,cap-corr-0469,Northstar Identity (fictional),verify_identity,2,timeout,970
2025-05-24T11:33:01.350000Z,cap-app-0470,cap-req-0470,cap-corr-0470,Northstar Identity (fictional),verify_identity,1,timeout,2830
2025-05-24T11:33:03.900000Z,cap-app-0470,cap-req-0470,cap-corr-0470,Northstar Identity (fictional),verify_identity,2,success,1040
2025-05-24T11:50:01.350000Z,cap-app-0471,cap-req-0471,cap-corr-0471,Northstar Identity (fictional),verify_identity,1,success,660
2025-05-24T12:07:01.350000Z,cap-app-0472,cap-req-0472,cap-corr-0472,Northstar Identity (fictional),verify_identity,1,success,695
2025-05-24T12:24:01.350000Z,cap-app-0473,cap-req-0473,cap-corr-0473,Northstar Identity (fictional),verify_identity,1,success,730
2025-05-24T12:41:01.350000Z,cap-app-0474,cap-req-0474,cap-corr-0474,Northstar Identity (fictional),verify_identity,1,success,765
2025-05-24T12:58:01.350000Z,cap-app-0475,cap-req-0475,cap-corr-0475,Northstar Identity (fictional),verify_identity,1,declined,800
2025-05-24T13:15:01.350000Z,cap-app-0476,cap-req-0476,cap-corr-0476,Northstar Identity (fictional),verify_identity,1,success,590
2025-05-24T13:32:01.350000Z,cap-app-0477,cap-req-0477,cap-corr-0477,Northstar Identity (fictional),verify_identity,1,success,625
2025-05-24T13:49:01.350000Z,cap-app-0478,cap-req-0478,cap-corr-0478,Northstar Identity (fictional),verify_identity,1,success,660
2025-05-24T14:06:01.350000Z,cap-app-0479,cap-req-0479,cap-corr-0479,Northstar Identity (fictional),verify_identity,1,success,695
2025-05-24T14:23:01.350000Z,cap-app-0480,cap-req-0480,cap-corr-0480,Northstar Identity (fictional),verify_identity,1,success,730
2025-05-25T09:00:01.350000Z,cap-app-0481,cap-req-0481,cap-corr-0481,Northstar Identity (fictional),verify_identity,1,success,765
2025-05-25T09:17:01.350000Z,cap-app-0482,cap-req-0482,cap-corr-0482,Northstar Identity (fictional),verify_identity,1,success,800
2025-05-25T09:34:01.350000Z,cap-app-0483,cap-req-0483,cap-corr-0483,Northstar Identity (fictional),verify_identity,1,timeout,2590
2025-05-25T09:34:03.900000Z,cap-app-0483,cap-req-0483,cap-corr-0483,Northstar Identity (fictional),verify_identity,2,timeout,1110
2025-05-25T09:51:01.350000Z,cap-app-0484,cap-req-0484,cap-corr-0484,Northstar Identity (fictional),verify_identity,1,timeout,2670
2025-05-25T09:51:03.900000Z,cap-app-0484,cap-req-0484,cap-corr-0484,Northstar Identity (fictional),verify_identity,2,success,1180
2025-05-25T10:08:01.350000Z,cap-app-0485,cap-req-0485,cap-corr-0485,Northstar Identity (fictional),verify_identity,1,declined,660
2025-05-25T10:25:01.350000Z,cap-app-0486,cap-req-0486,cap-corr-0486,Northstar Identity (fictional),verify_identity,1,success,695
2025-05-25T10:42:01.350000Z,cap-app-0487,cap-req-0487,cap-corr-0487,Northstar Identity (fictional),verify_identity,1,success,730
2025-05-25T10:59:01.350000Z,cap-app-0488,cap-req-0488,cap-corr-0488,Northstar Identity (fictional),verify_identity,1,timeout,2350
2025-05-25T10:59:03.900000Z,cap-app-0488,cap-req-0488,cap-corr-0488,Northstar Identity (fictional),verify_identity,2,timeout,1040
2025-05-25T11:16:01.350000Z,cap-app-0489,cap-req-0489,cap-corr-0489,Northstar Identity (fictional),verify_identity,1,timeout,2430
2025-05-25T11:16:03.900000Z,cap-app-0489,cap-req-0489,cap-corr-0489,Northstar Identity (fictional),verify_identity,2,success,1110
2025-05-25T11:33:01.350000Z,cap-app-0490,cap-req-0490,cap-corr-0490,Northstar Identity (fictional),verify_identity,1,success,590
2025-05-25T11:50:01.350000Z,cap-app-0491,cap-req-0491,cap-corr-0491,Northstar Identity (fictional),verify_identity,1,success,625
2025-05-25T12:07:01.350000Z,cap-app-0492,cap-req-0492,cap-corr-0492,Northstar Identity (fictional),verify_identity,1,success,660
2025-05-25T12:24:01.350000Z,cap-app-0493,cap-req-0493,cap-corr-0493,Northstar Identity (fictional),verify_identity,1,success,695
2025-05-25T12:41:01.350000Z,cap-app-0494,cap-req-0494,cap-corr-0494,Northstar Identity (fictional),verify_identity,1,declined,730
2025-05-25T12:58:01.350000Z,cap-app-0495,cap-req-0495,cap-corr-0495,Northstar Identity (fictional),verify_identity,1,success,765
2025-05-25T13:15:01.350000Z,cap-app-0496,cap-req-0496,cap-corr-0496,Northstar Identity (fictional),verify_identity,1,success,800
2025-05-25T13:32:01.350000Z,cap-app-0497,cap-req-0497,cap-corr-0497,Northstar Identity (fictional),verify_identity,1,success,590
2025-05-25T13:49:01.350000Z,cap-app-0498,cap-req-0498,cap-corr-0498,Northstar Identity (fictional),verify_identity,1,success,625
2025-05-25T14:06:01.350000Z,cap-app-0499,cap-req-0499,cap-corr-0499,Northstar Identity (fictional),verify_identity,1,success,660
2025-05-25T14:23:01.350000Z,cap-app-0500,cap-req-0500,cap-corr-0500,Northstar Identity (fictional),verify_identity,1,success,695
2025-05-26T09:00:01.350000Z,cap-app-0501,cap-req-0501,cap-corr-0501,Northstar Identity (fictional),verify_identity,1,success,730
2025-05-26T09:17:01.350000Z,cap-app-0502,cap-req-0502,cap-corr-0502,Northstar Identity (fictional),verify_identity,1,timeout,2830
2025-05-26T09:17:03.900000Z,cap-app-0502,cap-req-0502,cap-corr-0502,Northstar Identity (fictional),verify_identity,2,timeout,1180
2025-05-26T09:34:01.350000Z,cap-app-0503,cap-req-0503,cap-corr-0503,Northstar Identity (fictional),verify_identity,1,timeout,2910
2025-05-26T09:34:03.900000Z,cap-app-0503,cap-req-0503,cap-corr-0503,Northstar Identity (fictional),verify_identity,2,success,1250
2025-05-26T09:51:01.350000Z,cap-app-0504,cap-req-0504,cap-corr-0504,Northstar Identity (fictional),verify_identity,1,success,590
2025-05-26T10:08:01.350000Z,cap-app-0505,cap-req-0505,cap-corr-0505,Northstar Identity (fictional),verify_identity,1,declined,625
2025-05-26T10:25:01.350000Z,cap-app-0506,cap-req-0506,cap-corr-0506,Northstar Identity (fictional),verify_identity,1,success,660
2025-05-26T10:42:01.350000Z,cap-app-0507,cap-req-0507,cap-corr-0507,Northstar Identity (fictional),verify_identity,1,timeout,2590
2025-05-26T10:42:03.900000Z,cap-app-0507,cap-req-0507,cap-corr-0507,Northstar Identity (fictional),verify_identity,2,timeout,1110
2025-05-26T10:59:01.350000Z,cap-app-0508,cap-req-0508,cap-corr-0508,Northstar Identity (fictional),verify_identity,1,timeout,2670
2025-05-26T10:59:03.900000Z,cap-app-0508,cap-req-0508,cap-corr-0508,Northstar Identity (fictional),verify_identity,2,success,1180
2025-05-26T11:16:01.350000Z,cap-app-0509,cap-req-0509,cap-corr-0509,Northstar Identity (fictional),verify_identity,1,success,765
2025-05-26T11:33:01.350000Z,cap-app-0510,cap-req-0510,cap-corr-0510,Northstar Identity (fictional),verify_identity,1,success,800
2025-05-26T11:50:01.350000Z,cap-app-0511,cap-req-0511,cap-corr-0511,Northstar Identity (fictional),verify_identity,1,success,590
2025-05-26T12:07:01.350000Z,cap-app-0512,cap-req-0512,cap-corr-0512,Northstar Identity (fictional),verify_identity,1,timeout,2350
2025-05-26T12:07:03.900000Z,cap-app-0512,cap-req-0512,cap-corr-0512,Northstar Identity (fictional),verify_identity,2,timeout,1040
2025-05-26T12:24:01.350000Z,cap-app-0513,cap-req-0513,cap-corr-0513,Northstar Identity (fictional),verify_identity,1,declined,660
2025-05-26T12:41:01.350000Z,cap-app-0514,cap-req-0514,cap-corr-0514,Northstar Identity (fictional),verify_identity,1,success,695
2025-05-26T12:58:01.350000Z,cap-app-0515,cap-req-0515,cap-corr-0515,Northstar Identity (fictional),verify_identity,1,success,730
2025-05-26T13:15:01.350000Z,cap-app-0516,cap-req-0516,cap-corr-0516,Northstar Identity (fictional),verify_identity,1,success,765
2025-05-26T13:32:01.350000Z,cap-app-0517,cap-req-0517,cap-corr-0517,Northstar Identity (fictional),verify_identity,1,success,800
2025-05-26T13:49:01.350000Z,cap-app-0518,cap-req-0518,cap-corr-0518,Northstar Identity (fictional),verify_identity,1,success,590
2025-05-26T14:06:01.350000Z,cap-app-0519,cap-req-0519,cap-corr-0519,Northstar Identity (fictional),verify_identity,1,success,625
2025-05-26T14:23:01.350000Z,cap-app-0520,cap-req-0520,cap-corr-0520,Northstar Identity (fictional),verify_identity,1,success,660
2025-05-27T09:00:01.350000Z,cap-app-0521,cap-req-0521,cap-corr-0521,Northstar Identity (fictional),verify_identity,1,timeout,2430
2025-05-27T09:00:03.900000Z,cap-app-0521,cap-req-0521,cap-corr-0521,Northstar Identity (fictional),verify_identity,2,timeout,1250
2025-05-27T09:17:01.350000Z,cap-app-0522,cap-req-0522,cap-corr-0522,Northstar Identity (fictional),verify_identity,1,timeout,2510
2025-05-27T09:17:03.900000Z,cap-app-0522,cap-req-0522,cap-corr-0522,Northstar Identity (fictional),verify_identity,2,success,900
2025-05-27T09:34:01.350000Z,cap-app-0523,cap-req-0523,cap-corr-0523,Northstar Identity (fictional),verify_identity,1,success,765
2025-05-27T09:51:01.350000Z,cap-app-0524,cap-req-0524,cap-corr-0524,Northstar Identity (fictional),verify_identity,1,success,800
2025-05-27T10:08:01.350000Z,cap-app-0525,cap-req-0525,cap-corr-0525,Northstar Identity (fictional),verify_identity,1,declined,590
2025-05-27T10:25:01.350000Z,cap-app-0526,cap-req-0526,cap-corr-0526,Northstar Identity (fictional),verify_identity,1,timeout,2830
2025-05-27T10:25:03.900000Z,cap-app-0526,cap-req-0526,cap-corr-0526,Northstar Identity (fictional),verify_identity,2,timeout,1180
2025-05-27T10:42:01.350000Z,cap-app-0527,cap-req-0527,cap-corr-0527,Northstar Identity (fictional),verify_identity,1,timeout,2910
2025-05-27T10:42:03.900000Z,cap-app-0527,cap-req-0527,cap-corr-0527,Northstar Identity (fictional),verify_identity,2,success,1250
2025-05-27T10:59:01.350000Z,cap-app-0528,cap-req-0528,cap-corr-0528,Northstar Identity (fictional),verify_identity,1,success,695
2025-05-27T11:16:01.350000Z,cap-app-0529,cap-req-0529,cap-corr-0529,Northstar Identity (fictional),verify_identity,1,success,730
2025-05-27T11:33:01.350000Z,cap-app-0530,cap-req-0530,cap-corr-0530,Northstar Identity (fictional),verify_identity,1,success,765
2025-05-27T11:50:01.350000Z,cap-app-0531,cap-req-0531,cap-corr-0531,Northstar Identity (fictional),verify_identity,1,timeout,2590
2025-05-27T11:50:03.900000Z,cap-app-0531,cap-req-0531,cap-corr-0531,Northstar Identity (fictional),verify_identity,2,timeout,1110
2025-05-27T12:07:01.350000Z,cap-app-0532,cap-req-0532,cap-corr-0532,Northstar Identity (fictional),verify_identity,1,timeout,2670
2025-05-27T12:07:03.900000Z,cap-app-0532,cap-req-0532,cap-corr-0532,Northstar Identity (fictional),verify_identity,2,success,1180
2025-05-27T12:24:01.350000Z,cap-app-0533,cap-req-0533,cap-corr-0533,Northstar Identity (fictional),verify_identity,1,success,625
2025-05-27T12:41:01.350000Z,cap-app-0534,cap-req-0534,cap-corr-0534,Northstar Identity (fictional),verify_identity,1,success,660
2025-05-27T12:58:01.350000Z,cap-app-0535,cap-req-0535,cap-corr-0535,Northstar Identity (fictional),verify_identity,1,success,695
2025-05-27T13:15:01.350000Z,cap-app-0536,cap-req-0536,cap-corr-0536,Northstar Identity (fictional),verify_identity,1,success,730
2025-05-27T13:32:01.350000Z,cap-app-0537,cap-req-0537,cap-corr-0537,Northstar Identity (fictional),verify_identity,1,success,765
2025-05-27T13:49:01.350000Z,cap-app-0538,cap-req-0538,cap-corr-0538,Northstar Identity (fictional),verify_identity,1,success,800
2025-05-27T14:06:01.350000Z,cap-app-0539,cap-req-0539,cap-corr-0539,Northstar Identity (fictional),verify_identity,1,success,590
2025-05-27T14:23:01.350000Z,cap-app-0540,cap-req-0540,cap-corr-0540,Northstar Identity (fictional),verify_identity,1,success,625
2025-05-28T09:00:01.350000Z,cap-app-0541,cap-req-0541,cap-corr-0541,Northstar Identity (fictional),verify_identity,1,timeout,2750
2025-05-28T09:00:03.900000Z,cap-app-0541,cap-req-0541,cap-corr-0541,Northstar Identity (fictional),verify_identity,2,success,970
2025-05-28T09:17:01.350000Z,cap-app-0542,cap-req-0542,cap-corr-0542,Northstar Identity (fictional),verify_identity,1,success,695
2025-05-28T09:34:01.350000Z,cap-app-0543,cap-req-0543,cap-corr-0543,Northstar Identity (fictional),verify_identity,1,success,730
2025-05-28T09:51:01.350000Z,cap-app-0544,cap-req-0544,cap-corr-0544,Northstar Identity (fictional),verify_identity,1,success,765
2025-05-28T10:08:01.350000Z,cap-app-0545,cap-req-0545,cap-corr-0545,Northstar Identity (fictional),verify_identity,1,timeout,2430
2025-05-28T10:08:03.900000Z,cap-app-0545,cap-req-0545,cap-corr-0545,Northstar Identity (fictional),verify_identity,2,timeout,1250
2025-05-28T10:25:01.350000Z,cap-app-0546,cap-req-0546,cap-corr-0546,Northstar Identity (fictional),verify_identity,1,timeout,2510
2025-05-28T10:25:03.900000Z,cap-app-0546,cap-req-0546,cap-corr-0546,Northstar Identity (fictional),verify_identity,2,success,900
2025-05-28T10:42:01.350000Z,cap-app-0547,cap-req-0547,cap-corr-0547,Northstar Identity (fictional),verify_identity,1,success,625
2025-05-28T10:59:01.350000Z,cap-app-0548,cap-req-0548,cap-corr-0548,Northstar Identity (fictional),verify_identity,1,success,660
2025-05-28T11:16:01.350000Z,cap-app-0549,cap-req-0549,cap-corr-0549,Northstar Identity (fictional),verify_identity,1,success,695
2025-05-28T11:33:01.350000Z,cap-app-0550,cap-req-0550,cap-corr-0550,Northstar Identity (fictional),verify_identity,1,timeout,2830
2025-05-28T11:33:03.900000Z,cap-app-0550,cap-req-0550,cap-corr-0550,Northstar Identity (fictional),verify_identity,2,timeout,1180
2025-05-28T11:50:01.350000Z,cap-app-0551,cap-req-0551,cap-corr-0551,Northstar Identity (fictional),verify_identity,1,timeout,2910
2025-05-28T11:50:03.900000Z,cap-app-0551,cap-req-0551,cap-corr-0551,Northstar Identity (fictional),verify_identity,2,success,1250
2025-05-28T12:07:01.350000Z,cap-app-0552,cap-req-0552,cap-corr-0552,Northstar Identity (fictional),verify_identity,1,success,800
2025-05-28T12:24:01.350000Z,cap-app-0553,cap-req-0553,cap-corr-0553,Northstar Identity (fictional),verify_identity,1,success,590
2025-05-28T12:41:01.350000Z,cap-app-0554,cap-req-0554,cap-corr-0554,Northstar Identity (fictional),verify_identity,1,success,625
2025-05-28T12:58:01.350000Z,cap-app-0555,cap-req-0555,cap-corr-0555,Northstar Identity (fictional),verify_identity,1,success,660
2025-05-28T13:15:01.350000Z,cap-app-0556,cap-req-0556,cap-corr-0556,Northstar Identity (fictional),verify_identity,1,success,695
2025-05-28T13:32:01.350000Z,cap-app-0557,cap-req-0557,cap-corr-0557,Northstar Identity (fictional),verify_identity,1,success,730
2025-05-28T13:49:01.350000Z,cap-app-0558,cap-req-0558,cap-corr-0558,Northstar Identity (fictional),verify_identity,1,success,765
2025-05-28T14:06:01.350000Z,cap-app-0559,cap-req-0559,cap-corr-0559,Northstar Identity (fictional),verify_identity,1,success,800
2025-05-28T14:23:01.350000Z,cap-app-0560,cap-req-0560,cap-corr-0560,Northstar Identity (fictional),verify_identity,1,success,590
