experiment_id,application_id,variant,assigned_at,channel,device_type,completed,verification_completed,duration_ms,api_error,verification_retries,support_request
verification-guidance-01,exp-app-0001,A,2025-03-10T00:00:00Z,mobile,phone,True,True,614,False,0,False
verification-guidance-01,exp-app-0002,A,2025-03-10T01:00:00Z,mobile,phone,False,True,848,False,0,False
verification-guidance-01,exp-app-0003,A,2025-03-10T02:00:00Z,mobile,phone,False,True,624,False,0,False
verification-guidance-01,exp-app-0004,A,2025-03-10T03:00:00Z,mobile,phone,True,True,848,False,0,False
verification-guidance-01,exp-app-0005,A,2025-03-10T04:00:00Z,mobile,phone,True,True,587,False,0,False
verification-guidance-01,exp-app-0006,B,2025-03-10T05:00:00Z,mobile,phone,True,True,723,False,0,False
verification-guidance-01,exp-app-0007,B,2025-03-10T06:00:00Z,mobile,phone,True,True,689,False,0,False
verification-guidance-01,exp-app-0008,B,2025-03-10T07:00:00Z,mobile,phone,True,False,748,False,0,False
verification-guidance-01,exp-app-0009,B,2025-03-10T08:00:00Z,mobile,phone,True,True,747,False,0,False
verification-guidance-01,exp-app-0010,A,2025-03-10T09:00:00Z,mobile,phone,False,True,520,False,0,False
verification-guidance-01,exp-app-0011,B,2025-03-10T10:00:00Z,mobile,phone,False,True,762,False,0,False
verification-guidance-01,exp-app-0012,A,2025-03-10T11:00:00Z,mobile,phone,True,True,911,False,0,False
verification-guidance-01,exp-app-0013,A,2025-03-10T12:00:00Z,mobile,phone,True,True,763,False,0,False
verification-guidance-01,exp-app-0014,B,2025-03-10T13:00:00Z,mobile,phone,True,True,831,False,0,False
verification-guidance-01,exp-app-0015,A,2025-03-10T14:00:00Z,mobile,phone,True,False,562,False,0,False
verification-guidance-01,exp-app-0016,A,2025-03-10T15:00:00Z,mobile,phone,True,True,599,False,0,False
verification-guidance-01,exp-app-0017,B,2025-03-10T16:00:00Z,mobile,phone,True,True,715,True,0,False
verification-guidance-01,exp-app-0018,B,2025-03-10T17:00:00Z,mobile,phone,True,True,711,False,0,False
verification-guidance-01,exp-app-0019,A,2025-03-10T18:00:00Z,mobile,phone,True,True,649,False,0,False
verification-guidance-01,exp-app-0020,A,2025-03-10T19:00:00Z,mobile,phone,True,True,697,False,1,False
verification-guidance-01,exp-app-0021,B,2025-03-10T20:00:00Z,mobile,phone,True,True,801,False,0,False
verification-guidance-01,exp-app-0022,A,2025-03-10T21:00:00Z,mobile,phone,True,True,916,False,1,False
verification-guidance-01,exp-app-0023,B,2025-03-10T22:00:00Z,mobile,phone,True,True,871,False,0,False
verification-guidance-01,exp-app-0024,B,2025-03-10T23:00:00Z,mobile,phone,True,True,688,False,0,False
verification-guidance-01,exp-app-0025,A,2025-03-10T00:00:00Z,mobile,phone,True,True,717,False,0,False
verification-guidance-01,exp-app-0026,B,2025-03-10T01:00:00Z,mobile,phone,True,True,910,False,1,False
verification-guidance-01,exp-app-0027,A,2025-03-10T02:00:00Z,mobile,phone,True,True,793,False,1,False
verification-guidance-01,exp-app-0028,A,2025-03-10T03:00:00Z,mobile,phone,True,True,692,False,0,False
verification-guidance-01,exp-app-0029,A,2025-03-10T04:00:00Z,mobile,phone,True,False,754,False,0,False
verification-guidance-01,exp-app-0030,A,2025-03-10T05:00:00Z,mobile,phone,True,True,571,False,0,False
verification-guidance-01,exp-app-0031,B,2025-03-10T06:00:00Z,mobile,phone,True,True,689,False,0,False
verification-guidance-01,exp-app-0032,B,2025-03-10T07:00:00Z,mobile,phone,True,True,715,False,0,False
verification-guidance-01,exp-app-0033,A,2025-03-10T08:00:00Z,mobile,phone,True,True,635,False,0,False
verification-guidance-01,exp-app-0034,A,2025-03-10T09:00:00Z,mobile,phone,False,False,788,False,0,False
verification-guidance-01,exp-app-0035,A,2025-03-10T10:00:00Z,mobile,phone,False,True,599,False,0,False
verification-guidance-01,exp-app-0036,A,2025-03-10T11:00:00Z,mobile,phone,True,True,543,False,0,False
verification-guidance-01,exp-app-0037,A,2025-03-10T12:00:00Z,mobile,phone,True,True,870,False,0,False
verification-guidance-01,exp-app-0038,B,2025-03-10T13:00:00Z,mobile,phone,False,True,935,False,0,False
verification-guidance-01,exp-app-0039,B,2025-03-10T14:00:00Z,mobile,phone,True,True,479,False,0,False
verification-guidance-01,exp-app-0040,B,2025-03-10T15:00:00Z,mobile,phone,False,True,759,False,0,False
verification-guidance-01,exp-app-0041,A,2025-03-11T16:00:00Z,mobile,phone,True,True,681,False,0,False
verification-guidance-01,exp-app-0042,B,2025-03-11T17:00:00Z,mobile,phone,True,True,856,False,0,False
verification-guidance-01,exp-app-0043,A,2025-03-11T18:00:00Z,mobile,phone,False,True,698,False,0,False
verification-guidance-01,exp-app-0044,B,2025-03-11T19:00:00Z,mobile,phone,True,True,700,False,0,False
verification-guidance-01,exp-app-0045,A,2025-03-11T20:00:00Z,mobile,phone,True,True,720,False,0,False
verification-guidance-01,exp-app-0046,A,2025-03-11T21:00:00Z,mobile,phone,True,True,839,False,0,False
verification-guidance-01,exp-app-0047,A,2025-03-11T22:00:00Z,mobile,phone,False,True,724,False,1,False
verification-guidance-01,exp-app-0048,B,2025-03-11T23:00:00Z,mobile,phone,True,True,889,False,0,False
verification-guidance-01,exp-app-0049,B,2025-03-11T00:00:00Z,mobile,phone,True,False,581,True,0,False
verification-guidance-01,exp-app-0050,B,2025-03-11T01:00:00Z,mobile,phone,False,False,837,False,0,False
verification-guidance-01,exp-app-0051,B,2025-03-11T02:00:00Z,mobile,phone,False,True,778,False,0,False
verification-guidance-01,exp-app-0052,B,2025-03-11T03:00:00Z,mobile,phone,False,False,644,False,0,False
verification-guidance-01,exp-app-0053,B,2025-03-11T04:00:00Z,mobile,phone,True,True,919,False,0,False
verification-guidance-01,exp-app-0054,A,2025-03-11T05:00:00Z,mobile,phone,False,False,572,False,0,False
verification-guidance-01,exp-app-0055,A,2025-03-11T06:00:00Z,mobile,phone,True,True,781,False,0,False
verification-guidance-01,exp-app-0056,B,2025-03-11T07:00:00Z,mobile,phone,True,True,665,False,0,False
verification-guidance-01,exp-app-0057,A,2025-03-11T08:00:00Z,mobile,phone,False,True,694,False,0,False
verification-guidance-01,exp-app-0058,A,2025-03-11T09:00:00Z,mobile,phone,False,False,873,False,0,False
verification-guidance-01,exp-app-0059,B,2025-03-11T10:00:00Z,mobile,phone,True,False,812,False,0,False
verification-guidance-01,exp-app-0060,A,2025-03-11T11:00:00Z,mobile,phone,False,True,559,False,1,False
verification-guidance-01,exp-app-0061,A,2025-03-11T12:00:00Z,mobile,phone,False,True,820,False,0,False
verification-guidance-01,exp-app-0062,A,2025-03-11T13:00:00Z,mobile,phone,True,True,688,False,0,False
verification-guidance-01,exp-app-0063,B,2025-03-11T14:00:00Z,mobile,phone,True,True,434,False,0,False
verification-guidance-01,exp-app-0064,A,2025-03-11T15:00:00Z,mobile,phone,False,True,669,False,0,False
verification-guidance-01,exp-app-0065,A,2025-03-11T16:00:00Z,mobile,phone,True,True,593,True,0,False
verification-guidance-01,exp-app-0066,B,2025-03-11T17:00:00Z,mobile,phone,True,True,792,False,1,False
verification-guidance-01,exp-app-0067,A,2025-03-11T18:00:00Z,mobile,phone,False,False,747,False,0,False
verification-guidance-01,exp-app-0068,A,2025-03-11T19:00:00Z,mobile,phone,True,False,921,False,0,False
verification-guidance-01,exp-app-0069,A,2025-03-11T20:00:00Z,mobile,phone,True,True,726,True,0,False
verification-guidance-01,exp-app-0070,B,2025-03-11T21:00:00Z,mobile,phone,True,True,821,False,0,False
verification-guidance-01,exp-app-0071,B,2025-03-11T22:00:00Z,mobile,phone,True,False,760,False,0,False
verification-guidance-01,exp-app-0072,A,2025-03-11T23:00:00Z,mobile,phone,False,True,939,False,0,False
verification-guidance-01,exp-app-0073,A,2025-03-11T00:00:00Z,mobile,phone,False,True,759,False,0,False
verification-guidance-01,exp-app-0074,A,2025-03-11T01:00:00Z,mobile,phone,False,True,731,False,0,False
verification-guidance-01,exp-app-0075,B,2025-03-11T02:00:00Z,mobile,phone,True,True,738,False,0,False
verification-guidance-01,exp-app-0076,B,2025-03-11T03:00:00Z,mobile,phone,True,True,807,False,0,False
verification-guidance-01,exp-app-0077,A,2025-03-11T04:00:00Z,mobile,phone,True,False,760,False,0,False
verification-guidance-01,exp-app-0078,B,2025-03-11T05:00:00Z,mobile,phone,True,True,757,True,0,False
verification-guidance-01,exp-app-0079,B,2025-03-11T06:00:00Z,mobile,phone,True,True,976,False,0,False
verification-guidance-01,exp-app-0080,A,2025-03-11T07:00:00Z,mobile,phone,True,False,544,False,0,False
verification-guidance-01,exp-app-0081,A,2025-03-12T08:00:00Z,mobile,phone,True,True,658,False,0,False
verification-guidance-01,exp-app-0082,A,2025-03-12T09:00:00Z,mobile,phone,True,True,931,False,0,False
verification-guidance-01,exp-app-0083,B,2025-03-12T10:00:00Z,mobile,phone,True,True,799,False,0,True
verification-guidance-01,exp-app-0084,A,2025-03-12T11:00:00Z,mobile,phone,True,True,723,False,0,False
verification-guidance-01,exp-app-0085,B,2025-03-12T12:00:00Z,mobile,phone,True,True,850,False,0,False
verification-guidance-01,exp-app-0086,B,2025-03-12T13:00:00Z,mobile,phone,False,True,921,False,0,False
verification-guidance-01,exp-app-0087,A,2025-03-12T14:00:00Z,mobile,phone,False,True,786,False,1,False
verification-guidance-01,exp-app-0088,B,2025-03-12T15:00:00Z,mobile,phone,True,True,741,False,0,False
verification-guidance-01,exp-app-0089,B,2025-03-12T16:00:00Z,mobile,phone,False,True,767,False,0,False
verification-guidance-01,exp-app-0090,B,2025-03-12T17:00:00Z,mobile,phone,False,False,860,False,0,False
verification-guidance-01,exp-app-0091,B,2025-03-12T18:00:00Z,mobile,phone,True,True,791,False,0,False
verification-guidance-01,exp-app-0092,A,2025-03-12T19:00:00Z,mobile,phone,True,True,690,False,0,False
verification-guidance-01,exp-app-0093,B,2025-03-12T20:00:00Z,mobile,phone,True,True,666,False,0,False
verification-guidance-01,exp-app-0094,A,2025-03-12T21:00:00Z,mobile,phone,True,False,836,False,0,False
verification-guidance-01,exp-app-0095,A,2025-03-12T22:00:00Z,mobile,phone,False,True,662,False,0,False
verification-guidance-01,exp-app-0096,A,2025-03-12T23:00:00Z,mobile,phone,False,True,813,False,0,False
verification-guidance-01,exp-app-0097,A,2025-03-12T00:00:00Z,mobile,phone,True,True,919,False,0,False
verification-guidance-01,exp-app-0098,B,2025-03-12T01:00:00Z,mobile,phone,True,True,889,False,1,False
verification-guidance-01,exp-app-0099,B,2025-03-12T02:00:00Z,mobile,phone,True,True,818,False,0,False
verification-guidance-01,exp-app-0100,B,2025-03-12T03:00:00Z,mobile,phone,True,False,597,False,0,False
verification-guidance-01,exp-app-0101,B,2025-03-12T04:00:00Z,mobile,phone,True,True,798,False,0,False
verification-guidance-01,exp-app-0102,B,2025-03-12T05:00:00Z,mobile,phone,True,True,733,False,0,False
verification-guidance-01,exp-app-0103,A,2025-03-12T06:00:00Z,mobile,phone,True,True,708,False,0,False
verification-guidance-01,exp-app-0104,B,2025-03-12T07:00:00Z,mobile,phone,True,True,643,False,0,False
verification-guidance-01,exp-app-0105,A,2025-03-12T08:00:00Z,mobile,phone,False,True,714,False,0,False
verification-guidance-01,exp-app-0106,B,2025-03-12T09:00:00Z,mobile,phone,True,True,752,False,0,False
verification-guidance-01,exp-app-0107,A,2025-03-12T10:00:00Z,mobile,phone,True,False,692,False,1,False
verification-guidance-01,exp-app-0108,A,2025-03-12T11:00:00Z,mobile,phone,True,True,730,False,0,False
verification-guidance-01,exp-app-0109,A,2025-03-12T12:00:00Z,mobile,phone,True,True,706,False,0,False
verification-guidance-01,exp-app-0110,B,2025-03-12T13:00:00Z,mobile,phone,True,True,883,False,0,False
verification-guidance-01,exp-app-0111,B,2025-03-12T14:00:00Z,mobile,phone,True,True,943,False,0,False
verification-guidance-01,exp-app-0112,A,2025-03-12T15:00:00Z,mobile,phone,True,True,801,False,0,False
verification-guidance-01,exp-app-0113,B,2025-03-12T16:00:00Z,mobile,phone,True,True,713,False,0,False
verification-guidance-01,exp-app-0114,B,2025-03-12T17:00:00Z,mobile,phone,False,True,710,False,0,False
verification-guidance-01,exp-app-0115,A,2025-03-12T18:00:00Z,mobile,phone,True,True,840,False,0,False
verification-guidance-01,exp-app-0116,B,2025-03-12T19:00:00Z,mobile,phone,True,False,732,False,0,False
verification-guidance-01,exp-app-0117,B,2025-03-12T20:00:00Z,mobile,phone,True,True,809,False,0,False
verification-guidance-01,exp-app-0118,A,2025-03-12T21:00:00Z,mobile,phone,False,True,826,False,0,False
verification-guidance-01,exp-app-0119,B,2025-03-12T22:00:00Z,mobile,phone,True,True,863,False,0,False
verification-guidance-01,exp-app-0120,B,2025-03-12T23:00:00Z,mobile,phone,True,False,815,False,0,False
verification-guidance-01,exp-app-0121,A,2025-03-13T00:00:00Z,mobile,phone,True,True,464,False,0,False
verification-guidance-01,exp-app-0122,A,2025-03-13T01:00:00Z,mobile,phone,True,True,901,False,0,False
verification-guidance-01,exp-app-0123,A,2025-03-13T02:00:00Z,mobile,phone,True,True,724,False,0,False
verification-guidance-01,exp-app-0124,A,2025-03-13T03:00:00Z,mobile,phone,True,False,785,True,0,False
verification-guidance-01,exp-app-0125,B,2025-03-13T04:00:00Z,mobile,phone,True,True,766,False,1,False
verification-guidance-01,exp-app-0126,B,2025-03-13T05:00:00Z,mobile,phone,True,True,814,False,0,False
verification-guidance-01,exp-app-0127,A,2025-03-13T06:00:00Z,mobile,phone,False,False,643,False,0,False
verification-guidance-01,exp-app-0128,A,2025-03-13T07:00:00Z,mobile,phone,True,True,635,False,0,False
verification-guidance-01,exp-app-0129,A,2025-03-13T08:00:00Z,mobile,phone,True,True,796,False,0,False
verification-guidance-01,exp-app-0130,A,2025-03-13T09:00:00Z,mobile,phone,True,True,803,False,0,False
verification-guidance-01,exp-app-0131,A,2025-03-13T10:00:00Z,mobile,phone,True,True,794,False,0,False
verification-guidance-01,exp-app-0132,B,2025-03-13T11:00:00Z,mobile,phone,True,True,599,False,1,False
verification-guidance-01,exp-app-0133,B,2025-03-13T12:00:00Z,mobile,phone,True,True,985,False,0,False
verification-guidance-01,exp-app-0134,A,2025-03-13T13:00:00Z,mobile,phone,True,False,759,False,0,False
verification-guidance-01,exp-app-0135,B,2025-03-13T14:00:00Z,mobile,phone,True,True,830,False,0,True
verification-guidance-01,exp-app-0136,B,2025-03-13T15:00:00Z,mobile,phone,True,True,919,False,0,False
verification-guidance-01,exp-app-0137,A,2025-03-13T16:00:00Z,mobile,phone,True,True,703,False,0,False
verification-guidance-01,exp-app-0138,B,2025-03-13T17:00:00Z,mobile,phone,True,True,603,False,0,False
verification-guidance-01,exp-app-0139,B,2025-03-13T18:00:00Z,mobile,phone,True,True,912,False,0,False
verification-guidance-01,exp-app-0140,B,2025-03-13T19:00:00Z,mobile,phone,True,True,502,False,0,False
verification-guidance-01,exp-app-0141,A,2025-03-13T20:00:00Z,mobile,phone,False,True,680,False,0,False
verification-guidance-01,exp-app-0142,A,2025-03-13T21:00:00Z,mobile,phone,True,True,660,False,0,False
verification-guidance-01,exp-app-0143,A,2025-03-13T22:00:00Z,mobile,phone,True,True,724,False,0,False
verification-guidance-01,exp-app-0144,B,2025-03-13T23:00:00Z,mobile,phone,True,False,633,False,0,False
verification-guidance-01,exp-app-0145,A,2025-03-13T00:00:00Z,mobile,phone,True,False,596,False,0,False
verification-guidance-01,exp-app-0146,B,2025-03-13T01:00:00Z,mobile,phone,False,True,859,False,0,False
verification-guidance-01,exp-app-0147,A,2025-03-13T02:00:00Z,mobile,phone,True,True,711,False,0,False
verification-guidance-01,exp-app-0148,B,2025-03-13T03:00:00Z,mobile,phone,True,True,758,False,0,False
verification-guidance-01,exp-app-0149,B,2025-03-13T04:00:00Z,mobile,phone,True,True,659,True,0,False
verification-guidance-01,exp-app-0150,A,2025-03-13T05:00:00Z,mobile,phone,True,True,878,False,0,False
verification-guidance-01,exp-app-0151,A,2025-03-13T06:00:00Z,mobile,phone,True,False,711,False,0,False
verification-guidance-01,exp-app-0152,B,2025-03-13T07:00:00Z,mobile,phone,True,True,730,False,0,False
verification-guidance-01,exp-app-0153,A,2025-03-13T08:00:00Z,mobile,phone,True,True,741,False,0,False
verification-guidance-01,exp-app-0154,B,2025-03-13T09:00:00Z,mobile,phone,True,False,589,False,0,False
verification-guidance-01,exp-app-0155,A,2025-03-13T10:00:00Z,mobile,phone,False,True,857,False,0,False
verification-guidance-01,exp-app-0156,A,2025-03-13T11:00:00Z,mobile,phone,True,True,743,False,0,False
verification-guidance-01,exp-app-0157,A,2025-03-13T12:00:00Z,mobile,phone,True,True,689,False,0,False
verification-guidance-01,exp-app-0158,A,2025-03-13T13:00:00Z,mobile,phone,True,True,779,False,0,False
verification-guidance-01,exp-app-0159,B,2025-03-13T14:00:00Z,mobile,phone,True,True,831,False,0,False
verification-guidance-01,exp-app-0160,B,2025-03-13T15:00:00Z,mobile,phone,True,True,877,False,0,False
verification-guidance-01,exp-app-0161,A,2025-03-14T16:00:00Z,mobile,phone,True,True,751,False,0,False
verification-guidance-01,exp-app-0162,B,2025-03-14T17:00:00Z,mobile,phone,True,True,787,False,0,False
verification-guidance-01,exp-app-0163,A,2025-03-14T18:00:00Z,mobile,phone,True,True,781,False,0,False
verification-guidance-01,exp-app-0164,B,2025-03-14T19:00:00Z,mobile,phone,True,True,930,False,0,False
verification-guidance-01,exp-app-0165,A,2025-03-14T20:00:00Z,mobile,phone,False,True,891,False,0,False
verification-guidance-01,exp-app-0166,A,2025-03-14T21:00:00Z,mobile,phone,True,True,780,False,0,False
verification-guidance-01,exp-app-0167,B,2025-03-14T22:00:00Z,mobile,phone,True,True,712,False,0,False
verification-guidance-01,exp-app-0168,B,2025-03-14T23:00:00Z,mobile,phone,True,True,902,False,0,False
verification-guidance-01,exp-app-0169,A,2025-03-14T00:00:00Z,mobile,phone,True,True,804,False,0,False
verification-guidance-01,exp-app-0170,B,2025-03-14T01:00:00Z,mobile,phone,True,True,934,False,1,False
verification-guidance-01,exp-app-0171,A,2025-03-14T02:00:00Z,mobile,phone,True,True,691,False,0,False
verification-guidance-01,exp-app-0172,A,2025-03-14T03:00:00Z,mobile,phone,True,True,589,False,0,False
verification-guidance-01,exp-app-0173,A,2025-03-14T04:00:00Z,mobile,phone,True,True,841,False,0,False
verification-guidance-01,exp-app-0174,A,2025-03-14T05:00:00Z,mobile,phone,True,True,683,False,1,False
verification-guidance-01,exp-app-0175,B,2025-03-14T06:00:00Z,mobile,phone,False,True,619,False,1,False
verification-guidance-01,exp-app-0176,B,2025-03-14T07:00:00Z,mobile,phone,True,True,779,False,0,False
verification-guidance-01,exp-app-0177,B,2025-03-14T08:00:00Z,mobile,phone,True,True,809,False,0,False
verification-guidance-01,exp-app-0178,A,2025-03-14T09:00:00Z,mobile,phone,False,True,653,False,0,False
verification-guidance-01,exp-app-0179,A,2025-03-14T10:00:00Z,mobile,phone,True,True,652,False,0,False
verification-guidance-01,exp-app-0180,A,2025-03-14T11:00:00Z,mobile,phone,True,False,771,False,0,False
verification-guidance-01,exp-app-0181,A,2025-03-14T12:00:00Z,mobile,phone,True,True,865,False,1,False
verification-guidance-01,exp-app-0182,B,2025-03-14T13:00:00Z,mobile,phone,True,True,863,False,0,False
verification-guidance-01,exp-app-0183,B,2025-03-14T14:00:00Z,mobile,phone,True,True,805,False,0,False
verification-guidance-01,exp-app-0184,B,2025-03-14T15:00:00Z,mobile,phone,True,False,640,False,0,False
verification-guidance-01,exp-app-0185,A,2025-03-14T16:00:00Z,mobile,phone,True,True,756,False,0,False
verification-guidance-01,exp-app-0186,B,2025-03-14T17:00:00Z,mobile,phone,False,False,858,False,1,False
verification-guidance-01,exp-app-0187,B,2025-03-14T18:00:00Z,mobile,phone,True,True,970,False,0,False
verification-guidance-01,exp-app-0188,A,2025-03-14T19:00:00Z,mobile,phone,True,True,664,False,0,True
verification-guidance-01,exp-app-0189,B,2025-03-14T20:00:00Z,mobile,phone,False,True,1029,False,0,False
verification-guidance-01,exp-app-0190,B,2025-03-14T21:00:00Z,mobile,phone,False,True,671,False,0,False
verification-guidance-01,exp-app-0191,B,2025-03-14T22:00:00Z,mobile,phone,False,True,926,False,0,False
verification-guidance-01,exp-app-0192,B,2025-03-14T23:00:00Z,mobile,phone,False,False,988,False,0,False
verification-guidance-01,exp-app-0193,B,2025-03-14T00:00:00Z,mobile,phone,True,True,907,False,0,False
verification-guidance-01,exp-app-0194,B,2025-03-14T01:00:00Z,mobile,phone,True,True,674,False,0,False
verification-guidance-01,exp-app-0195,B,2025-03-14T02:00:00Z,mobile,phone,True,False,795,False,0,False
verification-guidance-01,exp-app-0196,B,2025-03-14T03:00:00Z,mobile,phone,True,True,703,False,0,False
verification-guidance-01,exp-app-0197,B,2025-03-14T04:00:00Z,mobile,phone,True,True,813,False,0,False
verification-guidance-01,exp-app-0198,B,2025-03-14T05:00:00Z,mobile,phone,False,True,692,False,0,False
verification-guidance-01,exp-app-0199,A,2025-03-14T06:00:00Z,mobile,phone,True,True,939,False,0,False
verification-guidance-01,exp-app-0200,A,2025-03-14T07:00:00Z,mobile,phone,True,True,740,False,0,False
verification-guidance-01,exp-app-0201,A,2025-03-15T08:00:00Z,mobile,phone,True,True,610,False,0,False
verification-guidance-01,exp-app-0202,B,2025-03-15T09:00:00Z,mobile,phone,False,False,671,False,0,False
verification-guidance-01,exp-app-0203,A,2025-03-15T10:00:00Z,mobile,phone,True,True,900,False,0,False
verification-guidance-01,exp-app-0204,A,2025-03-15T11:00:00Z,mobile,phone,False,False,944,False,0,False
verification-guidance-01,exp-app-0205,B,2025-03-15T12:00:00Z,mobile,phone,True,False,809,False,0,False
verification-guidance-01,exp-app-0206,A,2025-03-15T13:00:00Z,mobile,phone,False,True,782,False,0,False
verification-guidance-01,exp-app-0207,B,2025-03-15T14:00:00Z,mobile,phone,True,True,635,False,1,False
verification-guidance-01,exp-app-0208,B,2025-03-15T15:00:00Z,mobile,phone,True,True,649,True,0,False
verification-guidance-01,exp-app-0209,B,2025-03-15T16:00:00Z,mobile,phone,True,False,646,False,0,False
verification-guidance-01,exp-app-0210,A,2025-03-15T17:00:00Z,mobile,phone,True,False,723,False,0,True
verification-guidance-01,exp-app-0211,B,2025-03-15T18:00:00Z,mobile,phone,True,True,842,False,0,False
verification-guidance-01,exp-app-0212,B,2025-03-15T19:00:00Z,mobile,phone,False,True,601,False,0,False
verification-guidance-01,exp-app-0213,A,2025-03-15T20:00:00Z,mobile,phone,True,True,977,False,0,False
verification-guidance-01,exp-app-0214,A,2025-03-15T21:00:00Z,mobile,phone,True,True,486,False,0,False
verification-guidance-01,exp-app-0215,B,2025-03-15T22:00:00Z,mobile,phone,True,True,657,False,0,False
verification-guidance-01,exp-app-0216,A,2025-03-15T23:00:00Z,mobile,phone,True,True,602,True,0,False
verification-guidance-01,exp-app-0217,B,2025-03-15T00:00:00Z,mobile,phone,True,True,696,False,1,False
verification-guidance-01,exp-app-0218,B,2025-03-15T01:00:00Z,mobile,phone,False,False,919,False,0,False
verification-guidance-01,exp-app-0219,B,2025-03-15T02:00:00Z,mobile,phone,True,True,747,False,0,False
verification-guidance-01,exp-app-0220,B,2025-03-15T03:00:00Z,mobile,phone,True,True,954,False,0,False
verification-guidance-01,exp-app-0221,B,2025-03-15T04:00:00Z,mobile,phone,True,True,605,False,0,False
verification-guidance-01,exp-app-0222,A,2025-03-15T05:00:00Z,mobile,phone,False,False,692,False,0,False
verification-guidance-01,exp-app-0223,B,2025-03-15T06:00:00Z,mobile,phone,True,True,936,False,0,False
verification-guidance-01,exp-app-0224,A,2025-03-15T07:00:00Z,mobile,phone,True,False,797,False,0,False
verification-guidance-01,exp-app-0225,B,2025-03-15T08:00:00Z,mobile,phone,False,True,892,False,0,False
verification-guidance-01,exp-app-0226,B,2025-03-15T09:00:00Z,mobile,phone,True,True,793,False,0,False
verification-guidance-01,exp-app-0227,B,2025-03-15T10:00:00Z,mobile,phone,True,True,933,False,0,False
verification-guidance-01,exp-app-0228,A,2025-03-15T11:00:00Z,mobile,phone,False,False,618,False,0,False
verification-guidance-01,exp-app-0229,A,2025-03-15T12:00:00Z,mobile,phone,True,True,893,False,0,False
verification-guidance-01,exp-app-0230,B,2025-03-15T13:00:00Z,mobile,phone,True,True,934,False,0,False
verification-guidance-01,exp-app-0231,A,2025-03-15T14:00:00Z,mobile,phone,False,True,611,False,0,False
verification-guidance-01,exp-app-0232,A,2025-03-15T15:00:00Z,mobile,phone,True,True,690,False,0,False
verification-guidance-01,exp-app-0233,A,2025-03-15T16:00:00Z,mobile,phone,True,True,831,False,0,False
verification-guidance-01,exp-app-0234,A,2025-03-15T17:00:00Z,mobile,phone,True,False,729,False,0,False
verification-guidance-01,exp-app-0235,A,2025-03-15T18:00:00Z,mobile,phone,True,True,796,False,0,False
verification-guidance-01,exp-app-0236,B,2025-03-15T19:00:00Z,mobile,phone,True,True,681,False,0,False
verification-guidance-01,exp-app-0237,A,2025-03-15T20:00:00Z,mobile,phone,True,True,992,False,0,False
verification-guidance-01,exp-app-0238,B,2025-03-15T21:00:00Z,mobile,phone,True,True,796,False,0,False
verification-guidance-01,exp-app-0239,B,2025-03-15T22:00:00Z,mobile,phone,False,False,671,False,1,False
verification-guidance-01,exp-app-0240,A,2025-03-15T23:00:00Z,mobile,phone,True,False,618,False,0,False
verification-guidance-01,exp-app-0241,B,2025-03-16T00:00:00Z,mobile,phone,False,True,886,False,0,False
verification-guidance-01,exp-app-0242,B,2025-03-16T01:00:00Z,mobile,phone,True,False,831,False,0,False
verification-guidance-01,exp-app-0243,B,2025-03-16T02:00:00Z,mobile,phone,True,True,757,False,1,False
verification-guidance-01,exp-app-0244,A,2025-03-16T03:00:00Z,mobile,phone,True,True,605,False,1,False
verification-guidance-01,exp-app-0245,A,2025-03-16T04:00:00Z,mobile,phone,True,True,684,False,0,False
verification-guidance-01,exp-app-0246,A,2025-03-16T05:00:00Z,mobile,phone,False,True,805,False,0,False
verification-guidance-01,exp-app-0247,B,2025-03-16T06:00:00Z,mobile,phone,False,True,817,False,0,False
verification-guidance-01,exp-app-0248,A,2025-03-16T07:00:00Z,mobile,phone,True,True,676,False,0,False
verification-guidance-01,exp-app-0249,B,2025-03-16T08:00:00Z,mobile,phone,True,False,911,False,1,False
verification-guidance-01,exp-app-0250,A,2025-03-16T09:00:00Z,mobile,phone,True,False,670,False,0,False
verification-guidance-01,exp-app-0251,B,2025-03-16T10:00:00Z,mobile,phone,True,True,656,False,0,False
verification-guidance-01,exp-app-0252,B,2025-03-16T11:00:00Z,mobile,phone,True,True,812,False,0,False
verification-guidance-01,exp-app-0253,A,2025-03-16T12:00:00Z,mobile,phone,True,True,726,False,1,False
verification-guidance-01,exp-app-0254,B,2025-03-16T13:00:00Z,mobile,phone,False,True,751,False,0,False
verification-guidance-01,exp-app-0255,B,2025-03-16T14:00:00Z,mobile,phone,True,True,631,False,0,False
verification-guidance-01,exp-app-0256,A,2025-03-16T15:00:00Z,mobile,phone,True,True,716,False,0,False
verification-guidance-01,exp-app-0257,B,2025-03-16T16:00:00Z,mobile,phone,False,True,625,False,0,False
verification-guidance-01,exp-app-0258,B,2025-03-16T17:00:00Z,mobile,phone,True,True,794,False,0,False
verification-guidance-01,exp-app-0259,B,2025-03-16T18:00:00Z,mobile,phone,True,True,584,False,0,False
verification-guidance-01,exp-app-0260,A,2025-03-16T19:00:00Z,mobile,phone,False,False,808,False,0,False
verification-guidance-01,exp-app-0261,A,2025-03-16T20:00:00Z,mobile,phone,True,True,584,False,0,False
verification-guidance-01,exp-app-0262,A,2025-03-16T21:00:00Z,mobile,phone,True,True,726,False,0,False
verification-guidance-01,exp-app-0263,A,2025-03-16T22:00:00Z,mobile,phone,False,True,821,False,0,False
verification-guidance-01,exp-app-0264,A,2025-03-16T23:00:00Z,mobile,phone,False,True,693,False,0,False
verification-guidance-01,exp-app-0265,A,2025-03-16T00:00:00Z,mobile,phone,False,True,835,False,0,False
verification-guidance-01,exp-app-0266,A,2025-03-16T01:00:00Z,mobile,phone,True,True,704,False,0,False
verification-guidance-01,exp-app-0267,B,2025-03-16T02:00:00Z,mobile,phone,True,True,952,False,0,False
verification-guidance-01,exp-app-0268,B,2025-03-16T03:00:00Z,mobile,phone,True,True,731,False,1,False
verification-guidance-01,exp-app-0269,A,2025-03-16T04:00:00Z,mobile,phone,True,False,746,False,0,False
verification-guidance-01,exp-app-0270,B,2025-03-16T05:00:00Z,mobile,phone,True,True,953,False,0,False
verification-guidance-01,exp-app-0271,A,2025-03-16T06:00:00Z,mobile,phone,True,True,720,False,0,False
verification-guidance-01,exp-app-0272,B,2025-03-16T07:00:00Z,mobile,phone,True,True,889,False,0,False
verification-guidance-01,exp-app-0273,A,2025-03-16T08:00:00Z,mobile,phone,True,True,567,False,0,False
verification-guidance-01,exp-app-0274,B,2025-03-16T09:00:00Z,mobile,phone,True,True,868,False,0,False
verification-guidance-01,exp-app-0275,A,2025-03-16T10:00:00Z,mobile,phone,True,True,562,False,0,False
verification-guidance-01,exp-app-0276,B,2025-03-16T11:00:00Z,mobile,phone,True,True,743,False,0,False
verification-guidance-01,exp-app-0277,B,2025-03-16T12:00:00Z,mobile,phone,True,False,828,False,0,False
verification-guidance-01,exp-app-0278,A,2025-03-16T13:00:00Z,mobile,phone,True,True,709,False,0,False
verification-guidance-01,exp-app-0279,B,2025-03-16T14:00:00Z,mobile,phone,True,True,887,False,0,False
verification-guidance-01,exp-app-0280,B,2025-03-16T15:00:00Z,mobile,phone,True,False,855,False,0,False
verification-guidance-01,exp-app-0281,B,2025-03-17T16:00:00Z,mobile,phone,False,False,698,False,0,False
verification-guidance-01,exp-app-0282,A,2025-03-17T17:00:00Z,mobile,phone,True,True,656,False,0,False
verification-guidance-01,exp-app-0283,A,2025-03-17T18:00:00Z,mobile,phone,True,True,662,False,0,False
verification-guidance-01,exp-app-0284,B,2025-03-17T19:00:00Z,mobile,phone,True,True,928,False,0,False
verification-guidance-01,exp-app-0285,A,2025-03-17T20:00:00Z,mobile,phone,True,False,659,False,0,False
verification-guidance-01,exp-app-0286,A,2025-03-17T21:00:00Z,mobile,phone,False,False,829,False,0,False
verification-guidance-01,exp-app-0287,A,2025-03-17T22:00:00Z,mobile,phone,True,True,679,False,0,False
verification-guidance-01,exp-app-0288,B,2025-03-17T23:00:00Z,mobile,phone,True,True,648,False,0,False
verification-guidance-01,exp-app-0289,B,2025-03-17T00:00:00Z,mobile,phone,True,False,585,False,0,False
verification-guidance-01,exp-app-0290,A,2025-03-17T01:00:00Z,mobile,phone,True,True,658,False,0,False
verification-guidance-01,exp-app-0291,A,2025-03-17T02:00:00Z,mobile,phone,True,True,738,False,0,False
verification-guidance-01,exp-app-0292,A,2025-03-17T03:00:00Z,mobile,phone,True,False,728,False,0,False
verification-guidance-01,exp-app-0293,A,2025-03-17T04:00:00Z,mobile,phone,False,False,690,False,0,False
verification-guidance-01,exp-app-0294,A,2025-03-17T05:00:00Z,mobile,phone,True,False,545,False,0,False
verification-guidance-01,exp-app-0295,A,2025-03-17T06:00:00Z,mobile,phone,True,True,630,False,0,False
verification-guidance-01,exp-app-0296,B,2025-03-17T07:00:00Z,mobile,phone,True,False,702,False,0,False
verification-guidance-01,exp-app-0297,A,2025-03-17T08:00:00Z,mobile,phone,True,True,862,False,0,False
verification-guidance-01,exp-app-0298,A,2025-03-17T09:00:00Z,mobile,phone,True,False,569,False,0,False
verification-guidance-01,exp-app-0299,A,2025-03-17T10:00:00Z,mobile,phone,True,True,749,False,0,False
verification-guidance-01,exp-app-0300,B,2025-03-17T11:00:00Z,mobile,phone,True,False,892,False,0,False
verification-guidance-01,exp-app-0301,B,2025-03-17T12:00:00Z,mobile,phone,True,False,738,False,0,False
verification-guidance-01,exp-app-0302,A,2025-03-17T13:00:00Z,mobile,phone,False,True,826,False,0,True
verification-guidance-01,exp-app-0303,B,2025-03-17T14:00:00Z,mobile,phone,True,True,903,False,0,False
verification-guidance-01,exp-app-0304,A,2025-03-17T15:00:00Z,mobile,phone,True,True,819,False,0,False
verification-guidance-01,exp-app-0305,B,2025-03-17T16:00:00Z,mobile,phone,False,True,709,False,0,False
verification-guidance-01,exp-app-0306,B,2025-03-17T17:00:00Z,mobile,phone,True,True,816,False,0,False
verification-guidance-01,exp-app-0307,B,2025-03-17T18:00:00Z,mobile,phone,True,True,810,False,0,False
verification-guidance-01,exp-app-0308,B,2025-03-17T19:00:00Z,mobile,phone,False,True,840,False,0,False
verification-guidance-01,exp-app-0309,A,2025-03-17T20:00:00Z,mobile,phone,True,False,610,False,0,False
verification-guidance-01,exp-app-0310,A,2025-03-17T21:00:00Z,mobile,phone,True,True,771,False,0,False
verification-guidance-01,exp-app-0311,B,2025-03-17T22:00:00Z,mobile,phone,True,True,755,False,0,False
verification-guidance-01,exp-app-0312,A,2025-03-17T23:00:00Z,mobile,phone,True,True,634,False,0,False
verification-guidance-01,exp-app-0313,B,2025-03-17T00:00:00Z,mobile,phone,True,True,894,False,0,False
verification-guidance-01,exp-app-0314,B,2025-03-17T01:00:00Z,mobile,phone,False,True,938,True,0,False
verification-guidance-01,exp-app-0315,A,2025-03-17T02:00:00Z,mobile,phone,True,False,570,False,0,False
verification-guidance-01,exp-app-0316,B,2025-03-17T03:00:00Z,mobile,phone,False,True,687,False,0,False
verification-guidance-01,exp-app-0317,B,2025-03-17T04:00:00Z,mobile,phone,True,True,697,False,0,False
verification-guidance-01,exp-app-0318,B,2025-03-17T05:00:00Z,mobile,phone,True,True,847,False,0,False
verification-guidance-01,exp-app-0319,A,2025-03-17T06:00:00Z,mobile,phone,True,True,649,False,0,False
verification-guidance-01,exp-app-0320,A,2025-03-17T07:00:00Z,mobile,phone,True,True,815,False,0,False
verification-guidance-01,exp-app-0321,B,2025-03-18T08:00:00Z,mobile,phone,True,True,861,False,0,False
verification-guidance-01,exp-app-0322,A,2025-03-18T09:00:00Z,mobile,phone,True,True,716,False,0,False
verification-guidance-01,exp-app-0323,A,2025-03-18T10:00:00Z,mobile,phone,True,True,806,False,0,False
verification-guidance-01,exp-app-0324,A,2025-03-18T11:00:00Z,mobile,phone,True,True,753,False,0,False
verification-guidance-01,exp-app-0325,A,2025-03-18T12:00:00Z,mobile,phone,True,True,621,False,0,False
verification-guidance-01,exp-app-0326,B,2025-03-18T13:00:00Z,mobile,phone,True,True,712,False,0,False
verification-guidance-01,exp-app-0327,A,2025-03-18T14:00:00Z,mobile,phone,False,True,564,False,0,False
verification-guidance-01,exp-app-0328,B,2025-03-18T15:00:00Z,mobile,phone,True,True,960,False,0,False
verification-guidance-01,exp-app-0329,B,2025-03-18T16:00:00Z,mobile,phone,True,True,746,False,0,False
verification-guidance-01,exp-app-0330,A,2025-03-18T17:00:00Z,mobile,phone,True,True,593,False,0,False
verification-guidance-01,exp-app-0331,B,2025-03-18T18:00:00Z,mobile,phone,True,True,624,False,0,False
verification-guidance-01,exp-app-0332,A,2025-03-18T19:00:00Z,mobile,phone,False,False,800,True,0,False
verification-guidance-01,exp-app-0333,B,2025-03-18T20:00:00Z,mobile,phone,True,True,575,False,0,False
verification-guidance-01,exp-app-0334,B,2025-03-18T21:00:00Z,mobile,phone,True,True,850,False,0,False
verification-guidance-01,exp-app-0335,A,2025-03-18T22:00:00Z,mobile,phone,True,True,853,False,0,False
verification-guidance-01,exp-app-0336,B,2025-03-18T23:00:00Z,mobile,phone,True,True,743,False,0,False
verification-guidance-01,exp-app-0337,B,2025-03-18T00:00:00Z,mobile,phone,True,False,775,False,0,False
verification-guidance-01,exp-app-0338,A,2025-03-18T01:00:00Z,mobile,phone,False,True,757,False,0,False
verification-guidance-01,exp-app-0339,B,2025-03-18T02:00:00Z,mobile,phone,True,True,645,False,0,False
verification-guidance-01,exp-app-0340,B,2025-03-18T03:00:00Z,mobile,phone,True,True,914,False,0,False
verification-guidance-01,exp-app-0341,B,2025-03-18T04:00:00Z,mobile,phone,True,True,734,False,1,False
verification-guidance-01,exp-app-0342,B,2025-03-18T05:00:00Z,mobile,phone,False,False,785,False,0,False
verification-guidance-01,exp-app-0343,A,2025-03-18T06:00:00Z,mobile,phone,True,True,683,False,0,False
verification-guidance-01,exp-app-0344,A,2025-03-18T07:00:00Z,mobile,phone,False,False,745,False,0,False
verification-guidance-01,exp-app-0345,B,2025-03-18T08:00:00Z,mobile,phone,True,False,659,False,0,False
verification-guidance-01,exp-app-0346,B,2025-03-18T09:00:00Z,mobile,phone,True,True,861,False,0,False
verification-guidance-01,exp-app-0347,A,2025-03-18T10:00:00Z,mobile,phone,True,True,788,False,0,False
verification-guidance-01,exp-app-0348,B,2025-03-18T11:00:00Z,mobile,phone,False,True,731,False,1,False
verification-guidance-01,exp-app-0349,B,2025-03-18T12:00:00Z,mobile,phone,True,False,677,False,0,False
verification-guidance-01,exp-app-0350,B,2025-03-18T13:00:00Z,mobile,phone,True,True,698,False,0,False
verification-guidance-01,exp-app-0351,A,2025-03-18T14:00:00Z,mobile,phone,True,True,665,False,0,False
verification-guidance-01,exp-app-0352,A,2025-03-18T15:00:00Z,mobile,phone,False,True,826,False,0,False
verification-guidance-01,exp-app-0353,B,2025-03-18T16:00:00Z,mobile,phone,True,True,796,False,0,False
verification-guidance-01,exp-app-0354,A,2025-03-18T17:00:00Z,mobile,phone,True,True,903,False,0,False
verification-guidance-01,exp-app-0355,A,2025-03-18T18:00:00Z,mobile,phone,True,True,995,False,0,False
verification-guidance-01,exp-app-0356,A,2025-03-18T19:00:00Z,mobile,phone,False,True,878,False,0,False
verification-guidance-01,exp-app-0357,B,2025-03-18T20:00:00Z,mobile,phone,True,False,872,False,0,False
verification-guidance-01,exp-app-0358,A,2025-03-18T21:00:00Z,mobile,phone,True,True,623,False,0,False
verification-guidance-01,exp-app-0359,B,2025-03-18T22:00:00Z,mobile,phone,True,False,632,False,0,False
verification-guidance-01,exp-app-0360,B,2025-03-18T23:00:00Z,mobile,phone,True,True,825,False,0,False
verification-guidance-01,exp-app-0361,B,2025-03-19T00:00:00Z,mobile,phone,True,True,837,False,0,False
verification-guidance-01,exp-app-0362,A,2025-03-19T01:00:00Z,mobile,phone,True,True,858,False,0,False
verification-guidance-01,exp-app-0363,A,2025-03-19T02:00:00Z,mobile,phone,True,True,841,False,0,False
verification-guidance-01,exp-app-0364,A,2025-03-19T03:00:00Z,mobile,phone,True,True,536,False,0,False
verification-guidance-01,exp-app-0365,A,2025-03-19T04:00:00Z,mobile,phone,True,False,845,False,0,False
verification-guidance-01,exp-app-0366,A,2025-03-19T05:00:00Z,mobile,phone,False,True,750,False,0,False
verification-guidance-01,exp-app-0367,A,2025-03-19T06:00:00Z,mobile,phone,True,True,831,False,0,False
verification-guidance-01,exp-app-0368,B,2025-03-19T07:00:00Z,mobile,phone,True,False,722,False,0,False
verification-guidance-01,exp-app-0369,A,2025-03-19T08:00:00Z,mobile,phone,False,True,662,False,0,False
verification-guidance-01,exp-app-0370,A,2025-03-19T09:00:00Z,mobile,phone,False,False,655,False,0,False
verification-guidance-01,exp-app-0371,A,2025-03-19T10:00:00Z,mobile,phone,False,True,755,False,0,False
verification-guidance-01,exp-app-0372,B,2025-03-19T11:00:00Z,mobile,phone,True,True,743,False,1,True
verification-guidance-01,exp-app-0373,B,2025-03-19T12:00:00Z,mobile,phone,True,True,643,False,0,False
verification-guidance-01,exp-app-0374,A,2025-03-19T13:00:00Z,mobile,phone,False,True,562,False,0,False
verification-guidance-01,exp-app-0375,B,2025-03-19T14:00:00Z,mobile,phone,True,True,812,True,0,False
verification-guidance-01,exp-app-0376,B,2025-03-19T15:00:00Z,mobile,phone,False,True,777,False,0,False
verification-guidance-01,exp-app-0377,B,2025-03-19T16:00:00Z,mobile,phone,True,True,836,False,0,False
verification-guidance-01,exp-app-0378,A,2025-03-19T17:00:00Z,mobile,phone,True,True,587,False,0,False
verification-guidance-01,exp-app-0379,A,2025-03-19T18:00:00Z,mobile,phone,False,True,770,False,0,False
verification-guidance-01,exp-app-0380,A,2025-03-19T19:00:00Z,mobile,phone,True,True,733,False,0,True
verification-guidance-01,exp-app-0381,B,2025-03-19T20:00:00Z,mobile,phone,True,True,672,False,0,False
verification-guidance-01,exp-app-0382,A,2025-03-19T21:00:00Z,mobile,phone,True,False,791,False,0,False
verification-guidance-01,exp-app-0383,A,2025-03-19T22:00:00Z,mobile,phone,True,True,591,False,0,False
verification-guidance-01,exp-app-0384,B,2025-03-19T23:00:00Z,mobile,phone,True,True,926,False,0,False
verification-guidance-01,exp-app-0385,B,2025-03-19T00:00:00Z,mobile,phone,True,True,819,False,1,False
verification-guidance-01,exp-app-0386,B,2025-03-19T01:00:00Z,mobile,phone,True,True,715,False,0,False
verification-guidance-01,exp-app-0387,B,2025-03-19T02:00:00Z,mobile,phone,True,False,754,False,0,False
verification-guidance-01,exp-app-0388,B,2025-03-19T03:00:00Z,mobile,phone,True,True,757,False,0,False
verification-guidance-01,exp-app-0389,B,2025-03-19T04:00:00Z,mobile,phone,True,True,787,False,0,False
verification-guidance-01,exp-app-0390,A,2025-03-19T05:00:00Z,mobile,phone,True,True,715,False,0,False
verification-guidance-01,exp-app-0391,A,2025-03-19T06:00:00Z,mobile,phone,False,True,637,False,0,False
verification-guidance-01,exp-app-0392,B,2025-03-19T07:00:00Z,mobile,phone,True,True,800,False,0,False
verification-guidance-01,exp-app-0393,A,2025-03-19T08:00:00Z,mobile,phone,True,True,702,False,0,False
verification-guidance-01,exp-app-0394,B,2025-03-19T09:00:00Z,mobile,phone,True,True,804,False,0,False
verification-guidance-01,exp-app-0395,B,2025-03-19T10:00:00Z,mobile,phone,True,True,818,False,0,False
verification-guidance-01,exp-app-0396,A,2025-03-19T11:00:00Z,mobile,phone,True,False,720,False,0,False
verification-guidance-01,exp-app-0397,B,2025-03-19T12:00:00Z,mobile,phone,True,True,785,True,0,False
verification-guidance-01,exp-app-0398,A,2025-03-19T13:00:00Z,mobile,phone,True,False,690,False,0,False
verification-guidance-01,exp-app-0399,A,2025-03-19T14:00:00Z,mobile,phone,False,True,831,False,0,False
verification-guidance-01,exp-app-0400,B,2025-03-19T15:00:00Z,mobile,phone,False,True,794,False,0,False
